player_id,player,team,position_group,pool,main_position,matches,minutes,np_goals,np_shots,npxg,assists,key_passes,xa,passes,passes_completed,progressive_passes,passes_final_third,passes_into_box,progressive_carries,carries_into_box,dribbles,dribbles_completed,tackles_won,interceptions,ball_recoveries,pressures,clearances,aerials_won,pass_completion,dribble_success,npxg_per_shot,np_goals_pct,npxg_pct,np_shots_pct,npxg_per_shot_pct,assists_pct,xa_pct,key_passes_pct,passes_pct,pass_completion_pct,progressive_passes_pct,passes_final_third_pct,passes_into_box_pct,progressive_carries_pct,carries_into_box_pct,dribbles_pct,dribbles_completed_pct,tackles_won_pct,interceptions_pct,ball_recoveries_pct,pressures_pct,clearances_pct,aerials_won_pct
24977,Christoph Baumgartner,Austria,AM,AM/W,Center Attacking Midfield,4,312.2,0.288,2.306,0.447,0.288,1.73,0.138,31.134,22.197,1.73,1.441,2.018,6.63,1.73,4.324,2.306,0.577,0.577,3.748,31.422,0.577,1.441,0.713,0.533,0.194,80.0,100.0,62.9,100.0,80.0,51.4,54.3,31.4,25.7,20.0,54.3,80.0,85.7,65.7,82.9,88.6,40.0,68.6,62.9,100.0,60.0,97.1
8518,Marcel Sabitzer,Austria,W,AM/W,Left Wing,4,390.9,0.23,2.533,0.153,0.0,1.612,0.197,39.601,25.787,1.381,0.46,0.0,2.072,1.151,1.151,0.691,0.0,0.691,4.144,9.67,0.0,0.0,0.651,0.6,0.061,65.7,54.3,71.4,31.4,31.4,71.4,51.4,71.4,11.4,14.3,17.1,4.3,22.9,45.7,25.7,31.4,4.3,85.7,80.0,17.1,17.1,8.6
23650,Jeremy Doku,Belgium,W,AM/W,Left Wing,4,331.6,0.0,1.357,0.069,0.0,2.171,0.17,31.755,25.513,3.8,0.543,0.543,10.042,5.971,7.6,4.343,0.271,0.271,4.885,13.299,0.0,0.0,0.803,0.571,0.051,24.3,17.1,25.7,17.1,31.4,54.3,82.9,34.3,62.9,74.3,20.0,17.1,94.3,100.0,100.0,100.0,14.3,40.0,88.6,45.7,17.1,8.6
3089,Kevin De Bruyne,Belgium,AM,AM/W,Center Attacking Midfield,4,386.2,0.233,2.563,0.205,0.0,2.33,0.233,53.133,39.85,5.127,4.661,1.398,3.496,0.932,1.864,1.165,0.233,0.0,3.962,14.682,0.466,1.398,0.75,0.625,0.08,68.6,77.1,77.1,57.1,31.4,77.1,91.4,88.6,40.0,97.1,97.1,54.3,45.7,34.3,37.1,48.6,11.4,10.0,74.3,57.1,54.3,94.3
3043,Christian Dannemann Eriksen,Denmark,AM,AM/W,Left Attacking Midfield,4,368.8,0.244,2.928,0.204,0.0,4.149,0.195,53.932,40.51,3.905,2.44,0.732,1.22,0.732,0.244,0.0,0.732,0.244,3.905,11.226,0.0,0.0,0.751,0.0,0.07,71.4,74.3,91.4,45.7,31.4,68.6,100.0,94.3,42.9,82.9,71.4,34.3,11.4,28.6,5.7,5.7,68.6,37.1,65.7,25.7,17.1,8.6
22084,Bukayo Saka,England,W,AM/W,Right Wing,7,666.8,0.135,1.08,0.07,0.0,1.08,0.049,36.038,30.099,4.724,1.08,1.755,4.994,1.89,2.564,1.485,0.54,0.0,3.644,9.043,0.945,0.54,0.835,0.579,0.065,48.6,20.0,17.1,40.0,31.4,20.0,37.1,57.1,74.3,91.4,45.7,71.4,71.4,68.6,57.1,60.0,34.3,10.0,57.1,14.3,82.9,51.4
30714,Jude Bellingham,England,AM,AM/W,Center Attacking Midfield,7,711.7,0.253,0.759,0.084,0.126,0.759,0.043,47.169,39.961,2.656,3.161,0.632,3.414,1.012,2.782,1.77,1.138,0.506,3.92,19.727,0.632,1.012,0.847,0.636,0.111,74.3,28.6,11.4,85.7,62.9,14.3,22.9,80.0,82.9,48.6,82.9,22.9,42.9,40.0,60.0,68.6,85.7,57.1,68.6,91.4,62.9,82.9
4354,Phil Foden,England,W,AM/W,Left Wing,7,643.4,0.0,1.818,0.104,0.0,0.839,0.058,52.176,43.363,0.699,1.958,0.699,1.818,0.14,1.958,1.119,0.42,0.28,2.658,15.667,0.28,0.28,0.831,0.571,0.057,24.3,34.3,40.0,28.6,31.4,34.3,31.4,85.7,71.4,5.7,62.9,31.4,20.0,8.6,42.9,45.7,22.9,42.9,34.3,65.7,37.1,28.6
5487,Antoine Griezmann,France,AM,AM/W,Center Attacking Midfield,6,417.3,0.0,2.588,0.328,0.0,1.941,0.087,42.487,32.782,2.588,2.588,1.51,1.51,0.647,0.216,0.216,0.431,0.216,2.372,16.175,0.647,0.431,0.772,1.0,0.127,24.3,97.1,80.0,91.4,31.4,42.9,65.7,74.3,54.3,40.0,74.3,60.0,14.3,22.9,2.9,11.4,25.7,28.6,22.9,74.3,68.6,45.7
3009,Kylian Mbappé Lottin,France,W,AM/W,Left Wing,5,489.2,0.0,4.231,0.317,0.184,0.552,0.086,33.851,29.436,3.312,2.392,2.208,8.095,4.047,4.967,3.128,0.184,0.184,2.576,7.359,0.0,0.184,0.87,0.63,0.075,24.3,94.3,100.0,51.4,71.4,37.1,11.4,40.0,91.4,71.4,68.6,88.6,91.4,91.4,91.4,94.3,8.6,25.7,31.4,8.6,17.1,20.0
5477,Ousmane Dembélé,France,W,AM/W,Right Wing,5,371.4,0.0,1.939,0.111,0.0,3.393,0.234,43.376,29.806,2.908,0.969,2.423,11.389,4.362,5.331,3.15,1.212,0.242,3.635,14.055,0.242,0.485,0.687,0.591,0.057,24.3,37.1,45.7,25.7,31.4,80.0,97.1,77.1,14.3,60.0,40.0,94.3,100.0,97.1,94.3,97.1,91.4,34.3,54.3,51.4,34.3,48.6
40724,Florian Wirtz,Germany,W,AM/W,Left Wing,5,305.0,0.59,2.361,0.17,0.0,2.066,0.181,55.77,49.869,3.836,3.246,1.475,4.721,1.475,3.246,2.066,1.18,0.59,5.016,24.492,0.0,0.295,0.894,0.636,0.072,94.3,62.9,65.7,48.6,31.4,60.0,74.3,97.1,97.1,80.0,85.7,57.1,65.7,57.1,68.6,82.9,88.6,71.4,91.4,97.1,17.1,34.3
39565,Jamal Musiala,Germany,W,AM/W,Right Wing,5,447.5,0.603,2.011,0.181,0.0,1.006,0.057,34.592,30.168,2.212,1.81,1.609,6.436,3.419,4.223,2.011,0.804,1.006,3.419,15.888,0.0,0.402,0.872,0.476,0.09,97.1,68.6,48.6,71.4,31.4,31.4,34.3,54.3,94.3,31.4,60.0,65.7,82.9,88.6,77.1,77.1,74.3,94.3,51.4,68.6,17.1,42.9
10287,İlkay Gündoğan,Germany,AM,AM/W,Center Attacking Midfield,5,407.9,0.221,1.544,0.165,0.221,0.441,0.046,37.068,31.993,1.765,2.868,0.441,0.662,0.221,0.441,0.221,0.662,0.221,3.089,12.577,0.0,0.662,0.863,0.5,0.107,60.0,57.1,34.3,82.9,74.3,17.1,8.6,62.9,88.6,22.9,77.1,11.4,2.9,11.4,11.4,14.3,65.7,31.4,42.9,31.4,17.1,62.9
21209,Dominik Szoboszlai,Hungary,AM,AM/W,Right Attacking Midfield,3,297.4,0.0,1.816,0.066,0.303,1.816,0.293,47.209,34.802,2.421,2.118,1.21,2.421,0.605,3.329,0.908,0.0,0.605,3.934,20.881,1.21,0.0,0.737,0.273,0.037,24.3,14.3,37.1,8.6,82.9,94.3,57.1,82.9,34.3,34.3,65.7,51.4,25.7,17.1,74.3,34.3,4.3,74.3,71.4,94.3,91.4,8.6
19316,Roland Sallai,Hungary,AM,AM/W,Left Attacking Midfield,3,291.1,0.0,2.473,0.255,0.309,1.237,0.244,24.734,19.478,1.855,1.546,0.928,2.783,1.546,1.237,1.237,0.309,0.0,3.401,15.459,0.309,0.618,0.788,1.0,0.103,24.3,82.9,68.6,77.1,85.7,85.7,40.0,20.0,57.1,25.7,57.1,45.7,28.6,62.9,31.4,51.4,17.1,10.0,48.6,62.9,42.9,57.1
7156,Federico Chiesa,Italy,W,AM/W,Right Wing,4,282.0,0.0,2.553,0.079,0.0,0.638,0.054,33.83,22.021,2.553,0.638,2.234,4.787,1.915,4.468,2.234,1.277,0.319,5.426,16.277,0.638,0.0,0.651,0.5,0.031,24.3,25.7,74.3,5.7,31.4,25.7,17.1,37.1,8.6,37.1,25.7,91.4,68.6,74.3,85.7,85.7,94.3,48.6,97.1,77.1,65.7,8.6
20750,Cody Mathès Gakpo,Netherlands,W,AM/W,Left Wing,6,560.6,0.482,2.087,0.142,0.161,1.927,0.283,21.673,15.091,3.211,0.321,1.605,5.458,1.927,1.766,1.445,1.284,0.642,1.927,11.88,0.963,0.963,0.696,0.818,0.068,88.6,45.7,54.3,42.9,65.7,91.4,62.9,11.4,17.1,68.6,8.6,62.9,77.1,77.1,34.3,57.1,97.1,82.9,5.7,28.6,85.7,71.4
39167,Xavi Simons,Netherlands,AM,AM/W,Center Attacking Midfield,6,484.0,0.186,2.045,0.101,0.558,2.231,0.187,34.401,28.822,2.789,3.533,1.86,3.905,0.744,2.045,0.372,0.93,1.302,4.091,11.157,0.0,0.372,0.838,0.182,0.05,54.3,31.4,51.4,14.3,94.3,65.7,85.7,48.6,77.1,54.3,91.4,77.1,54.3,31.4,48.6,22.9,80.0,97.1,77.1,22.9,17.1,40.0
3193,Bernardo Mota Veiga de Carvalho e Silva,Portugal,AM,AM/W,Center Attacking Midfield,4,444.0,0.203,1.419,0.151,0.0,2.027,0.125,53.919,48.446,3.041,1.419,1.622,4.257,0.608,1.216,0.405,0.608,0.0,4.459,12.973,0.405,0.203,0.898,0.333,0.106,57.1,51.4,31.4,80.0,31.4,45.7,71.4,91.4,100.0,62.9,51.4,68.6,62.9,20.0,28.6,25.7,51.4,10.0,85.7,40.0,51.4,25.7
5204,Bruno Miguel Borges Fernandes,Portugal,AM,AM/W,Center Attacking Midfield,4,394.2,0.228,2.283,0.279,0.0,1.826,0.185,67.808,50.685,6.164,6.164,2.511,4.11,1.37,1.142,0.457,1.37,0.457,2.968,18.037,0.685,1.37,0.747,0.4,0.122,62.9,91.4,60.0,88.6,31.4,62.9,60.0,100.0,37.1,100.0,100.0,100.0,57.1,51.4,22.9,28.6,100.0,51.4,37.1,82.9,74.3,91.4
18360,Rafael Alexandre Conceição Leão,Portugal,W,AM/W,Left Wing,4,295.9,0.0,0.912,0.055,0.0,1.521,0.137,34.37,26.462,4.258,3.346,2.129,10.95,4.258,4.258,1.521,0.608,0.0,2.433,4.867,0.304,0.608,0.77,0.357,0.061,24.3,8.6,14.3,34.3,31.4,48.6,48.6,45.7,48.6,85.7,88.6,85.7,97.1,94.3,80.0,62.9,54.3,10.0,25.7,2.9,40.0,54.3
56905,Dennis Man,Romania,W,AM/W,Right Midfield,4,285.0,0.0,1.895,0.173,0.632,1.263,0.304,25.263,16.421,3.158,0.947,0.947,5.053,1.263,2.526,0.947,0.632,0.632,5.053,8.842,0.0,0.632,0.65,0.375,0.091,24.3,65.7,42.9,74.3,97.1,97.1,42.9,22.9,5.7,65.7,37.1,48.6,74.3,48.6,54.3,37.1,57.1,80.0,94.3,11.4,17.1,60.0
3620,Scott McTominay,Scotland,AM,AM/W,Center Attacking Midfield,3,296.9,0.303,1.213,0.074,0.0,0.606,0.052,18.188,12.732,0.606,0.303,0.0,0.909,0.0,0.303,0.0,0.606,0.606,2.122,15.157,2.425,1.819,0.7,0.0,0.061,82.9,22.9,20.0,37.1,31.4,22.9,14.3,2.9,20.0,2.9,5.7,4.3,8.6,4.3,8.6,5.7,48.6,77.1,14.3,60.0,100.0,100.0
28032,Ivan Schranz,Slovakia,W,AM/W,Right Wing,4,346.0,0.78,1.301,0.228,0.0,0.78,0.087,23.41,17.948,2.601,0.78,0.52,0.78,0.0,0.78,0.0,0.52,0.52,2.081,13.786,1.04,1.04,0.767,0.0,0.175,100.0,80.0,22.9,97.1,31.4,40.0,25.7,17.1,45.7,45.7,34.3,14.3,5.7,4.3,14.3,5.7,31.4,62.9,8.6,48.6,88.6,85.7
7975,Lukáš Haraslín,Slovakia,W,AM/W,Left Wing,4,277.0,0.0,2.599,0.139,0.325,2.274,0.173,22.094,15.596,2.599,0.325,0.65,4.224,2.274,2.274,1.949,0.65,1.625,1.625,7.148,1.3,0.975,0.706,0.857,0.053,24.3,40.0,82.9,20.0,88.6,57.1,88.6,14.3,22.9,42.9,11.4,25.7,60.0,82.9,51.4,71.4,60.0,100.0,2.9,5.7,94.3,74.3
31089,Jan Mlakar,Slovenia,W,AM/W,Left Midfield,4,300.0,0.0,0.6,0.049,0.0,0.3,0.013,19.5,11.4,1.5,0.3,0.9,1.8,0.6,0.9,0.3,0.6,0.3,2.1,15.9,1.5,0.9,0.585,0.333,0.082,24.3,5.7,5.7,62.9,31.4,5.7,5.7,8.6,2.9,17.1,2.9,42.9,17.1,14.3,17.1,20.0,45.7,45.7,11.4,71.4,97.1,68.6
16528,Petar Stojanović,Slovenia,W,AM/W,Right Midfield,4,326.6,0.0,0.276,0.006,0.0,0.827,0.034,30.312,21.77,1.378,1.378,0.551,3.307,1.102,3.307,1.102,0.551,0.551,6.062,12.952,0.827,0.827,0.718,0.333,0.023,24.3,2.9,2.9,2.9,31.4,8.6,28.6,28.6,28.6,11.4,48.6,20.0,37.1,42.9,71.4,42.9,37.1,65.7,100.0,37.1,77.1,65.7
16532,Daniel Olmo Carvajal,Spain,AM,AM/W,Center Attacking Midfield,6,461.6,0.585,3.315,0.269,0.39,2.145,0.241,36.265,29.441,2.73,3.12,1.755,3.315,0.975,2.925,1.95,0.585,0.975,3.315,14.623,0.39,0.195,0.812,0.667,0.081,91.4,85.7,97.1,60.0,91.4,82.9,80.0,60.0,65.7,51.4,80.0,74.3,40.0,37.1,62.9,74.3,42.9,91.4,45.7,54.3,48.6,22.9
316046,Lamine Yamal Nasraoui Ebana,Spain,W,AM/W,Right Wing,7,530.9,0.17,3.051,0.269,0.678,3.051,0.364,34.583,27.293,4.747,0.678,2.034,7.629,3.051,4.577,2.034,1.017,0.509,3.73,18.987,0.339,0.17,0.789,0.444,0.088,51.4,88.6,94.3,68.6,100.0,100.0,94.3,51.4,60.0,94.3,28.6,82.9,88.6,85.7,88.6,80.0,82.9,60.0,60.0,88.6,45.7,17.1
68574,Nicholas Williams Arthuer,Spain,W,AM/W,Left Wing,6,517.2,0.348,2.088,0.165,0.174,2.088,0.215,38.109,30.974,3.828,0.348,2.436,5.568,1.914,5.568,2.61,0.348,0.174,4.35,18.445,0.0,0.348,0.813,0.469,0.079,85.7,60.0,57.1,54.3,68.6,74.3,77.1,65.7,68.6,77.1,14.3,97.1,80.0,71.4,97.1,91.4,20.0,20.0,82.9,85.7,17.1,37.1
30401,Ruben Vargas,Switzerland,AM,AM/W,Left Attacking Midfield,5,318.6,0.282,1.412,0.195,0.282,1.977,0.255,33.898,24.859,2.825,0.565,0.847,3.107,2.26,1.13,0.282,0.847,0.847,2.26,17.232,0.565,0.282,0.733,0.25,0.138,77.1,71.4,28.6,94.3,77.1,88.6,68.6,42.9,31.4,57.1,22.9,40.0,34.3,80.0,20.0,17.1,77.1,88.6,17.1,80.0,57.1,31.4
134209,Barış Alper Yılmaz,Turkey,W,AM/W,Right Wing,5,490.2,0.0,0.734,0.064,0.0,0.734,0.055,19.278,14.871,2.02,0.734,0.184,3.672,1.469,2.02,1.285,0.734,0.184,2.57,12.668,0.918,1.285,0.771,0.636,0.087,24.3,11.4,8.6,65.7,31.4,28.6,20.0,5.7,51.4,28.6,31.4,8.6,51.4,54.3,45.7,54.3,71.4,22.9,28.6,34.3,80.0,88.6
151813,Kenan Yildiz,Turkey,W,AM/W,Left Wing,5,359.5,0.0,2.754,0.148,0.0,0.25,0.012,27.538,23.282,1.252,1.001,0.751,3.505,1.502,3.004,1.752,0.501,0.501,3.004,11.015,0.0,1.001,0.845,0.583,0.054,24.3,48.6,85.7,22.9,31.4,2.9,2.9,25.7,80.0,8.6,42.9,37.1,48.6,60.0,65.7,65.7,28.6,54.3,40.0,20.0,17.1,80.0
38975,Georgiy Sudakov,Ukraine,AM,AM/W,Center Attacking Midfield,3,276.8,0.0,2.926,0.14,0.0,1.301,0.041,38.367,32.84,4.552,3.902,0.65,2.926,0.65,1.951,0.975,0.65,0.0,2.276,13.006,0.65,0.975,0.856,0.5,0.048,24.3,42.9,88.6,11.4,31.4,11.4,45.7,68.6,85.7,88.6,94.3,28.6,31.4,25.7,40.0,40.0,62.9,10.0,20.0,42.9,71.4,77.1
8291,Arlind Afrim Ajeti,Albania,CB,CB,Right Center Back,3,293.8,0.0,0.0,0.0,0.0,0.0,0.0,32.777,27.57,1.225,0.613,0.0,0.0,0.0,0.306,0.306,0.306,2.144,0.919,4.901,3.37,1.532,0.841,1.0,,48.0,13.3,13.3,,49.0,17.3,17.3,14.3,22.4,7.1,8.2,25.5,9.2,48.0,84.7,88.8,17.3,98.0,6.1,18.4,55.1,32.7
7108,Berat Djimsiti,Albania,CB,CB,Left Center Back,3,293.8,0.0,0.613,0.032,0.0,0.306,0.007,43.805,39.517,1.225,0.306,0.0,0.613,0.0,0.306,0.306,0.306,0.613,0.613,5.82,4.901,2.144,0.902,1.0,0.052,48.0,55.1,65.3,37.8,49.0,49.0,59.2,30.6,51.0,7.1,2.0,25.5,46.9,48.0,84.7,88.8,17.3,36.7,2.0,38.8,89.8,57.1
3077,Jan Vertonghen,Belgium,CB,CB,Left Center Back,3,285.5,0.0,0.315,0.033,0.0,0.0,0.0,65.569,61.156,3.783,2.207,0.0,0.0,0.0,0.0,0.0,0.946,0.315,1.891,5.044,2.207,2.207,0.933,,0.105,48.0,57.1,49.0,78.4,49.0,17.3,17.3,69.4,81.6,81.6,32.7,25.5,9.2,48.0,25.5,33.7,73.5,24.5,30.6,22.4,18.4,63.3
8854,Wout Faes,Belgium,CB,CB,Right Center Back,4,386.2,0.0,0.0,0.0,0.0,0.0,0.0,66.882,58.726,2.097,3.496,0.466,0.699,0.0,0.233,0.233,1.165,0.699,2.097,9.322,2.097,1.398,0.878,1.0,,48.0,13.3,13.3,,49.0,17.3,17.3,75.5,46.9,38.8,57.1,83.7,57.1,48.0,73.5,77.6,77.6,53.1,42.9,81.6,8.2,24.5
37148,Josip Šutalo,Croatia,CB,CB,Right Center Back,3,297.8,0.0,0.302,0.084,0.0,0.0,0.0,60.141,57.119,1.209,3.022,0.0,0.0,0.0,0.907,0.907,0.604,3.627,1.511,9.973,2.418,1.209,0.95,1.0,0.278,48.0,89.8,40.8,100.0,49.0,17.3,17.3,61.2,98.0,4.1,42.9,25.5,9.2,48.0,95.9,95.9,46.9,100.0,20.4,87.8,20.4,16.3
28272,Ladislav Krejčí,Czech Republic,CB,CB,Left Center Back,3,297.6,0.0,1.512,0.06,0.0,0.605,0.015,42.036,35.081,1.512,3.931,0.302,0.605,0.0,0.302,0.302,1.815,1.815,2.419,8.468,1.815,2.722,0.835,1.0,0.039,48.0,83.7,100.0,16.2,49.0,67.3,85.7,28.6,20.4,18.4,63.3,65.3,41.8,48.0,79.6,83.7,95.9,93.9,59.2,75.5,4.1,69.4
81330,Robin Hranáč,Czech Republic,CB,CB,Center Back,3,297.6,0.0,0.605,0.102,0.0,0.302,0.02,27.823,24.194,1.815,3.327,0.0,0.605,0.0,0.0,0.0,0.302,0.0,2.117,9.98,2.722,1.21,0.87,,0.169,48.0,95.9,63.3,91.9,49.0,79.6,55.1,8.2,40.8,24.5,53.1,25.5,41.8,48.0,25.5,33.7,10.2,5.1,46.9,89.8,28.6,18.4
16469,Tomáš Holeš,Czech Republic,CB,CB,Right Center Back,3,295.3,0.0,0.305,0.006,0.0,0.305,0.014,35.049,27.43,3.657,3.048,0.61,0.61,0.0,0.0,0.0,2.438,1.219,2.743,11.581,3.657,3.048,0.783,,0.019,48.0,28.6,44.9,5.4,49.0,65.3,57.1,20.4,8.2,77.6,44.9,93.9,44.9,48.0,25.5,33.7,98.0,75.5,77.6,93.9,69.4,85.7
3959,Andreas Christensen,Denmark,CB,CB,Left Center Back,4,372.7,0.0,0.966,0.088,0.0,0.0,0.0,56.507,53.367,1.207,1.69,0.241,0.724,0.0,0.0,0.0,0.724,1.449,2.415,5.071,2.173,2.173,0.944,,0.091,48.0,91.8,98.0,70.3,49.0,17.3,17.3,53.1,93.9,2.0,26.5,63.3,59.2,48.0,25.5,33.7,63.3,87.8,57.1,24.5,12.2,59.2
8815,Jannik Vestergaard,Denmark,CB,CB,Center Back,4,387.8,0.0,0.928,0.052,0.0,0.0,0.0,61.733,57.091,3.017,3.713,0.0,0.928,0.232,0.0,0.0,0.696,0.232,2.553,5.57,4.177,3.945,0.925,,0.056,48.0,75.5,95.9,43.2,49.0,17.3,17.3,63.3,71.4,63.3,61.2,25.5,71.4,95.9,25.5,33.7,59.2,15.3,72.4,32.7,77.6,98.0
8247,Joachim Andersen,Denmark,CB,CB,Right Center Back,4,387.8,0.0,0.696,0.033,0.0,0.464,0.043,68.231,58.484,5.57,4.874,0.464,0.696,0.0,0.232,0.0,0.464,0.232,2.553,10.908,2.785,4.874,0.857,0.0,0.048,48.0,59.2,79.6,32.4,49.0,83.7,79.6,79.6,34.7,93.9,85.7,81.6,51.0,48.0,69.4,33.7,30.6,15.3,72.4,91.8,30.6,100.0
3244,John Stones,England,CB,CB,Right Center Back,7,736.7,0.0,0.122,0.009,0.0,0.122,0.003,68.169,64.015,1.588,4.276,0.0,0.855,0.0,0.0,0.0,0.244,0.0,1.955,3.665,2.932,1.955,0.939,,0.072,48.0,32.7,26.5,59.5,49.0,40.8,34.7,77.6,91.8,20.4,71.4,25.5,65.3,48.0,25.5,33.7,6.1,5.1,36.7,4.1,38.8,46.9
34526,Marc Guehi,England,CB,CB,Left Center Back,6,612.5,0.0,0.294,0.02,0.147,0.147,0.015,66.416,62.008,2.057,2.645,0.0,0.294,0.0,0.147,0.0,0.588,0.294,2.792,6.906,1.763,3.086,0.934,0.0,0.069,48.0,46.9,36.7,56.8,98.0,69.4,36.7,71.4,85.7,32.7,36.7,25.5,22.4,48.0,51.0,33.7,42.9,18.4,79.6,49.0,2.0,91.8
8519,Dayotchanculle Upamecano,France,CB,CB,Right Center Back,6,610.2,0.0,0.442,0.034,0.0,0.442,0.011,53.54,49.41,2.36,3.982,0.0,0.737,0.0,0.147,0.0,0.737,1.18,2.212,7.227,3.097,1.917,0.923,0.0,0.076,48.0,63.3,53.1,64.9,49.0,59.2,73.5,44.9,65.3,51.0,67.3,25.5,62.2,48.0,53.1,33.7,65.3,73.5,52.0,53.1,42.9,44.9
17592,William Saliba,France,CB,CB,Left Center Back,6,610.2,0.0,0.295,0.017,0.0,0.147,0.001,53.835,51.475,1.327,1.622,0.0,0.737,0.295,0.295,0.295,0.59,0.885,2.212,7.522,3.54,1.032,0.956,1.0,0.057,48.0,42.9,38.8,45.9,49.0,34.7,38.8,46.9,100.0,14.3,24.5,25.5,62.2,98.0,77.6,81.6,44.9,59.2,52.0,61.2,67.3,12.2
7839,Guram Kashia,Georgia,CB,CB,Center Back,4,391.5,0.0,0.0,0.0,0.0,0.0,0.0,27.126,23.218,1.379,0.92,0.23,0.0,0.0,0.0,0.0,0.69,0.69,2.069,4.368,6.437,2.989,0.856,,,48.0,13.3,13.3,,49.0,17.3,17.3,6.1,32.7,16.3,14.3,61.2,9.2,48.0,25.5,33.7,56.1,49.0,38.8,14.3,98.0,81.6
7655,Lasha Dvali,Georgia,CB,CB,Left Center Back,4,391.5,0.0,0.0,0.0,0.0,0.0,0.0,32.874,28.046,2.299,1.609,0.0,0.46,0.0,0.0,0.0,0.69,0.0,1.379,6.897,4.828,1.609,0.853,,,48.0,13.3,13.3,,49.0,17.3,17.3,16.3,26.5,49.0,22.4,25.5,36.7,48.0,25.5,33.7,56.1,5.1,16.3,46.9,85.7,38.8
3167,Antonio Rüdiger,Germany,CB,CB,Right Center Back,5,524.4,0.0,0.686,0.028,0.0,0.686,0.083,70.195,64.016,4.977,8.581,1.201,0.343,0.0,0.0,0.0,0.515,0.686,4.119,5.492,2.918,1.03,0.912,,0.041,48.0,53.1,75.5,24.3,49.0,100.0,93.9,83.7,57.1,87.8,98.0,100.0,30.6,48.0,25.5,33.7,34.7,46.9,91.8,30.6,36.7,10.2
8221,Jonathan Tah,Germany,CB,CB,Left Center Back,4,337.5,0.0,0.267,0.006,0.0,0.533,0.012,73.867,70.133,2.4,5.333,0.0,0.0,0.0,0.0,0.0,0.267,1.067,1.067,7.467,2.133,2.133,0.949,,0.022,48.0,26.5,34.7,8.1,49.0,61.2,83.7,91.8,95.9,53.1,87.8,25.5,9.2,48.0,25.5,33.7,8.2,69.4,10.2,57.1,10.2,55.1
8509,Willi Orban,Hungary,CB,CB,Center Back,3,297.4,0.0,0.908,0.172,0.0,0.605,0.055,39.644,33.894,3.026,0.908,0.303,0.303,0.0,0.303,0.303,1.513,0.908,3.026,8.776,4.842,2.724,0.855,1.0,0.189,48.0,100.0,91.8,94.6,49.0,95.9,87.8,24.5,30.6,65.3,12.2,67.3,24.5,48.0,81.6,85.7,89.8,61.2,83.7,77.6,87.8,71.4
7480,Alessandro Bastoni,Italy,CB,CB,Right Center Back,4,391.8,0.23,0.689,0.103,0.0,0.23,0.003,76.953,70.98,4.135,7.121,0.23,1.378,0.0,0.0,0.0,0.459,0.459,3.216,8.27,3.446,1.378,0.922,,0.15,98.0,98.0,77.6,86.5,49.0,42.9,53.1,93.9,63.3,83.7,91.8,59.2,83.7,48.0,25.5,33.7,26.5,30.6,85.7,73.5,61.2,22.4
41768,Riccardo Calafiori,Italy,CB,CB,Left Center Back,3,296.7,0.0,0.91,0.094,0.0,0.607,0.043,72.194,66.734,3.337,3.943,0.607,1.82,0.0,0.0,0.0,0.303,0.607,4.55,9.1,2.427,2.73,0.924,,0.103,48.0,93.9,93.9,75.7,49.0,85.7,89.8,89.8,69.4,73.5,65.3,91.8,89.8,48.0,25.5,33.7,14.3,34.7,98.0,79.6,22.4,73.5
7787,Stefan de Vrij,Netherlands,CB,CB,Right Center Back,6,586.4,0.153,0.614,0.042,0.0,0.0,0.0,63.847,58.936,3.377,4.297,0.46,0.614,0.0,0.153,0.0,1.535,1.228,1.842,7.06,2.916,3.07,0.923,0.0,0.069,95.9,67.3,67.3,51.4,49.0,17.3,17.3,67.3,67.3,75.5,73.5,79.6,49.0,48.0,55.1,33.7,91.8,77.6,28.6,51.0,34.7,88.8
3669,Virgil van Dijk,Netherlands,CB,CB,Left Center Back,6,586.4,0.0,0.767,0.053,0.0,0.46,0.022,59.089,53.871,2.763,3.07,0.307,0.307,0.0,0.0,0.0,0.614,0.46,1.228,5.986,5.065,3.07,0.912,,0.069,48.0,77.6,85.7,54.1,49.0,81.6,75.5,57.1,55.1,59.2,46.9,69.4,26.5,48.0,25.5,33.7,51.0,32.7,12.2,40.8,93.9,88.8
44166,Jakub Piotr Kiwior,Poland,CB,CB,Left Center Back,3,289.2,0.0,0.622,0.025,0.0,0.934,0.08,46.68,39.834,2.178,2.49,0.0,0.934,0.0,1.245,1.245,2.49,1.245,2.178,14.315,2.178,1.556,0.853,1.0,0.04,48.0,49.0,69.4,18.9,49.0,98.0,95.9,38.8,28.6,46.9,34.7,25.5,73.5,48.0,100.0,100.0,100.0,79.6,49.0,98.0,16.3,36.7
4626,Jan Bednarek,Poland,CB,CB,Right Center Back,3,289.2,0.0,0.311,0.063,0.0,0.0,0.0,32.054,28.008,1.245,0.311,0.311,0.311,0.0,0.311,0.311,0.622,0.934,1.556,7.469,3.112,0.622,0.874,1.0,0.204,48.0,85.7,46.9,97.3,49.0,17.3,17.3,12.2,44.9,12.2,4.1,73.5,28.6,48.0,89.8,93.9,53.1,65.3,22.4,59.2,44.9,2.0
20016,Kléper Laveran Lima Ferreira,Portugal,CB,CB,Left Center Back,4,426.8,0.0,0.211,0.011,0.0,0.211,0.006,84.981,79.499,2.109,2.109,0.0,0.422,0.0,0.422,0.211,1.265,1.476,4.639,7.802,5.061,2.741,0.935,0.5,0.051,48.0,34.7,28.6,35.1,49.0,46.9,46.9,100.0,89.8,40.8,28.6,25.5,32.7,48.0,93.9,71.4,81.6,89.8,100.0,65.3,91.8,75.5
5206,Rúben Santos Gato Alves Dias,Portugal,CB,CB,Right Center Back,4,444.0,0.0,0.405,0.016,0.0,0.203,0.019,82.297,76.824,1.824,4.865,0.203,1.014,0.0,0.203,0.203,0.405,0.203,1.622,5.27,3.243,2.838,0.933,1.0,0.04,48.0,40.8,51.0,21.6,49.0,75.5,44.9,98.0,83.7,26.5,83.7,51.0,75.5,48.0,63.3,69.4,24.5,12.2,24.5,28.6,51.0,79.6
31908,Andrei Burcă Andonie,Romania,CB,CB,Left Center Back,4,386.7,0.0,0.233,0.026,0.0,0.0,0.0,34.445,26.299,2.095,1.396,0.0,0.698,0.0,0.0,0.0,0.698,0.0,2.327,9.542,4.189,2.095,0.764,,0.111,48.0,51.0,32.7,83.8,49.0,17.3,17.3,18.4,4.1,36.7,18.4,25.5,54.1,48.0,25.5,33.7,61.2,5.1,55.1,83.7,79.6,51.0
39615,Radu Drăgușin,Romania,CB,CB,Right Center Back,4,386.7,0.0,0.698,0.034,0.0,0.0,0.0,25.834,21.412,1.629,0.465,0.0,0.698,0.0,0.233,0.233,0.0,2.095,2.095,5.586,6.051,1.164,0.829,1.0,0.048,48.0,61.2,81.6,29.7,49.0,17.3,17.3,4.1,18.4,22.4,6.1,25.5,54.1,48.0,71.4,75.5,2.0,95.9,40.8,34.7,95.9,14.3
11116,Jack Hendry,Scotland,CB,CB,Right Center Back,3,296.9,0.0,0.303,0.02,0.0,0.0,0.0,39.104,31.829,3.334,2.728,0.0,0.0,0.0,0.0,0.0,0.303,0.909,0.909,7.881,3.334,3.031,0.814,,0.066,48.0,44.9,42.9,48.6,49.0,17.3,17.3,22.4,16.3,71.4,38.8,25.5,9.2,48.0,25.5,33.7,12.2,63.3,4.1,67.3,53.1,83.7
6321,Milos Veljkovic,Serbia,CB,CB,Right Center Back,3,289.8,0.0,0.0,0.0,0.0,0.0,0.0,70.186,64.596,6.211,8.385,0.311,1.553,0.0,0.0,0.0,0.311,0.311,2.484,4.969,2.174,1.553,0.92,,,48.0,13.3,13.3,,49.0,17.3,17.3,81.6,59.2,98.0,95.9,71.4,87.8,48.0,25.5,33.7,21.4,21.4,66.3,20.4,14.3,34.7
5603,Nikola Milenković,Serbia,CB,CB,Center Back,3,289.8,0.0,0.0,0.0,0.0,0.311,0.007,71.118,66.149,1.242,1.553,0.0,1.242,0.0,0.0,0.0,0.311,0.311,4.348,4.658,3.416,3.106,0.93,,,48.0,13.3,13.3,,49.0,51.0,64.3,87.8,77.6,10.2,20.4,25.5,81.6,48.0,25.5,33.7,21.4,21.4,95.9,16.3,57.1,93.9
27719,Strahinja Pavlović,Serbia,CB,CB,Left Center Back,3,289.8,0.0,0.0,0.0,0.0,0.311,0.01,55.28,41.925,2.484,3.416,0.0,2.484,0.0,1.242,1.242,1.553,1.553,2.484,14.596,3.727,2.174,0.758,1.0,,48.0,13.3,13.3,,49.0,57.1,64.3,49.0,2.0,55.1,55.1,25.5,98.0,48.0,98.0,98.0,93.9,91.8,66.3,100.0,71.4,61.2
16298,Denis Vavro,Slovakia,CB,CB,Right Center Back,4,427.9,0.0,0.631,0.011,0.0,0.0,0.0,55.317,44.38,5.048,2.734,0.21,0.21,0.0,0.0,0.0,0.841,0.421,2.103,3.786,3.155,2.103,0.802,,0.018,48.0,36.7,72.4,2.7,49.0,17.3,17.3,51.0,10.2,91.8,40.8,53.1,18.4,48.0,25.5,33.7,67.3,28.6,44.9,8.2,48.0,53.1
6990,Milan Škriniar,Slovakia,CB,CB,Left Center Back,4,427.9,0.0,0.631,0.046,0.0,0.421,0.008,59.734,54.265,2.524,3.155,0.0,1.052,0.0,0.0,0.0,0.21,1.262,3.365,2.524,3.155,1.472,0.908,,0.073,48.0,71.4,72.4,62.2,49.0,53.1,71.4,59.2,53.1,57.1,51.0,25.5,77.6,48.0,25.5,33.7,4.1,83.7,87.8,2.0,48.0,28.6
16047,Jaka Bijol,Slovenia,CB,CB,Left Center Back,4,415.4,0.0,0.217,0.008,0.0,0.217,0.005,29.682,23.832,2.167,0.867,0.217,0.0,0.0,0.217,0.217,1.3,1.083,1.3,9.966,6.933,2.817,0.803,1.0,0.036,48.0,30.6,30.6,13.5,49.0,44.9,50.0,10.2,12.2,44.9,10.2,56.1,9.2,48.0,65.3,73.5,84.7,71.4,14.3,85.7,100.0,77.6
205932,Vanja Drkušić,Slovenia,CB,CB,Right Center Back,4,415.4,0.0,0.0,0.0,0.0,0.217,0.015,22.316,17.333,1.95,1.3,0.217,0.433,0.0,0.0,0.0,1.3,0.65,1.733,11.7,3.467,1.517,0.777,,,48.0,13.3,13.3,,49.0,71.4,50.0,2.0,6.1,30.6,16.3,56.1,34.7,48.0,25.5,33.7,84.7,44.9,26.5,95.9,63.3,30.6
4353,Aymeric Laporte,Spain,CB,CB,Left Center Back,6,567.2,0.0,0.793,0.043,0.0,0.317,0.012,77.592,72.355,4.602,9.996,0.476,3.173,0.0,0.159,0.159,0.476,0.635,0.952,3.808,4.284,2.063,0.933,1.0,0.054,48.0,69.4,87.8,40.5,49.0,63.3,67.3,95.9,79.6,85.7,100.0,85.7,100.0,48.0,57.1,67.3,32.7,42.9,8.2,10.2,81.6,49.0
5202,José Ignacio Fernández Iglesias,Spain,CB,CB,Right Center Back,4,293.7,0.0,0.0,0.0,0.0,0.306,0.008,41.982,38.917,1.839,2.145,0.0,0.919,0.0,0.306,0.306,0.613,0.613,2.451,3.677,4.597,0.919,0.927,1.0,,48.0,13.3,13.3,,49.0,55.1,61.2,26.5,75.5,28.6,30.6,25.5,69.4,48.0,87.8,91.8,49.0,38.8,61.2,6.1,83.7,8.2
22128,Robin Aime Robert Le Normand,Spain,CB,CB,Right Center Back,6,473.4,0.0,0.57,0.056,0.0,0.19,0.001,66.73,61.787,3.042,7.224,0.0,0.0,0.0,0.0,0.0,0.57,0.19,1.901,4.183,2.091,2.471,0.926,,0.099,48.0,81.6,61.2,73.0,49.0,36.7,42.9,73.5,73.5,67.3,93.9,25.5,9.2,48.0,25.5,33.7,40.8,10.2,32.7,12.2,6.1,67.3
5537,Fabian Lukas Schär,Switzerland,CB,CB,Right Center Back,5,511.4,0.0,0.88,0.039,0.0,0.528,0.018,45.053,36.253,7.039,4.752,0.528,1.408,0.352,0.176,0.0,1.232,1.408,2.64,7.567,4.048,1.408,0.805,0.0,0.044,48.0,65.3,89.8,27.0,49.0,73.5,81.6,35.7,14.3,100.0,79.6,89.8,85.7,100.0,60.2,33.7,79.6,85.7,75.5,63.3,75.5,26.5
5549,Manuel Obafemi Akanji,Switzerland,CB,CB,Center Back,5,511.4,0.0,0.0,0.0,0.0,0.176,0.003,58.604,54.028,2.112,3.696,0.0,0.88,0.0,0.0,0.0,0.528,0.88,2.992,5.104,3.872,1.76,0.922,,,48.0,13.3,13.3,,49.0,38.8,40.8,55.1,61.2,42.9,59.2,25.5,67.3,48.0,25.5,33.7,37.8,57.1,81.6,26.5,73.5,42.9
5544,Ricardo Iván Rodríguez Araya,Switzerland,CB,CB,Left Center Back,5,511.4,0.0,0.528,0.013,0.0,0.352,0.046,45.053,38.013,2.992,4.048,0.88,1.936,0.0,0.176,0.0,0.528,0.352,2.464,8.095,2.64,0.704,0.844,0.0,0.025,48.0,38.8,59.2,10.8,49.0,89.8,69.4,35.7,24.5,61.2,69.4,95.9,93.9,48.0,60.2,33.7,37.8,26.5,63.3,71.4,26.5,6.1
48383,Abdülkerim Bardakcı,Turkey,CB,CB,Left Center Back,4,389.3,0.0,0.462,0.051,0.0,0.462,0.049,49.936,43.0,2.081,4.392,0.925,1.156,0.0,0.231,0.0,0.462,0.694,4.161,5.78,3.468,2.312,0.861,0.0,0.111,48.0,73.5,55.1,81.1,49.0,93.9,77.6,40.8,36.7,34.7,77.6,98.0,79.6,48.0,67.3,33.7,28.6,51.0,93.9,36.7,65.3,65.3
12293,Kaan Ayhan,Turkey,CB,CB,Right Center Back,5,377.9,0.0,0.714,0.056,0.238,0.953,0.046,44.536,38.82,3.096,3.096,0.476,0.238,0.0,0.238,0.238,1.429,0.714,1.905,7.383,2.858,1.667,0.872,1.0,0.078,48.0,79.6,83.7,67.6,100.0,91.8,98.0,32.7,42.9,69.4,49.0,87.8,20.4,48.0,75.5,79.6,87.8,55.1,34.7,55.1,32.7,40.8
133305,Samet Akaydin,Turkey,CB,CB,Right Center Back,4,359.1,0.251,0.501,0.08,0.0,0.0,0.0,51.88,46.617,3.759,4.762,0.0,0.501,0.0,0.0,0.0,1.003,1.253,1.504,8.02,3.008,3.509,0.899,,0.16,100.0,87.8,57.1,89.2,49.0,17.3,17.3,42.9,49.0,79.6,81.6,25.5,38.8,48.0,25.5,33.7,75.5,81.6,18.4,69.4,40.8,95.9
39136,Illia Zabarnyi,Ukraine,CB,CB,Right Center Back,3,288.6,0.0,0.0,0.0,0.0,0.624,0.019,62.37,53.95,5.613,4.366,0.312,1.871,0.0,0.312,0.0,0.936,0.936,3.43,6.237,2.495,0.624,0.865,0.0,,48.0,13.3,13.3,,49.0,77.6,91.8,65.3,38.8,95.9,75.5,76.5,91.8,48.0,91.8,33.7,70.4,67.3,89.8,43.9,24.5,4.1
18617,Mykola Matvienko,Ukraine,CB,CB,Left Center Back,3,288.6,0.0,0.0,0.0,0.0,1.247,0.044,70.79,66.112,4.99,6.861,0.312,2.183,0.0,0.0,0.0,0.936,0.624,2.495,6.237,3.43,1.247,0.934,,,48.0,13.3,13.3,,49.0,87.8,100.0,85.7,87.8,89.8,89.8,76.5,95.9,48.0,25.5,33.7,70.4,40.8,69.4,43.9,59.2,20.4
49097,Mario Mitaj,Albania,FB,FB,Left Back,3,293.8,0.0,0.306,0.009,0.0,0.0,0.0,45.337,40.129,1.838,0.919,0.613,0.306,0.0,0.306,0.306,0.919,2.144,3.063,14.091,2.757,0.306,0.885,1.0,0.031,42.9,28.6,37.1,21.4,42.9,8.6,8.6,42.9,74.3,14.3,17.1,37.1,14.3,21.4,14.3,57.1,48.6,97.1,48.6,80.0,94.3,11.4
11821,Stefan Posch,Austria,FB,FB,Right Back,4,390.9,0.0,1.612,0.078,0.0,1.381,0.202,48.35,36.838,5.065,1.612,2.302,2.072,0.0,0.921,0.23,1.381,1.381,2.993,15.426,1.842,1.612,0.762,0.25,0.048,42.9,91.4,97.1,42.9,42.9,100.0,85.7,51.4,22.9,91.4,37.1,100.0,71.4,21.4,57.1,45.7,80.0,82.9,45.7,88.6,68.6,82.9
6989,Timothy Castagne,Belgium,FB,FB,Right Back,4,380.6,0.0,0.0,0.0,0.0,0.0,0.0,51.787,43.274,2.601,2.128,0.236,1.182,0.236,0.709,0.473,0.473,0.236,2.601,7.567,2.365,1.182,0.836,0.667,,42.9,11.4,11.4,,42.9,8.6,8.6,65.7,51.4,31.4,45.7,20.0,48.6,68.6,42.9,62.9,28.6,5.7,37.1,14.3,85.7,62.9
33018,Joško Gvardiol,Croatia,FB,FB,Left Back,3,297.8,0.0,0.604,0.021,0.0,0.0,0.0,48.355,45.03,2.72,4.835,0.604,0.907,0.0,1.511,1.209,0.302,1.209,3.324,9.671,0.604,0.0,0.931,0.8,0.034,42.9,51.4,62.9,25.0,42.9,8.6,8.6,54.3,100.0,34.3,91.4,31.4,37.1,21.4,80.0,88.6,17.1,71.4,57.1,37.1,8.6,5.7
16570,Vladimír Coufal,Czech Republic,FB,FB,Right Wing Back,3,297.6,0.0,0.0,0.0,0.302,2.419,0.165,45.363,32.056,3.327,3.024,0.907,2.117,0.0,1.512,0.0,1.21,2.419,3.629,9.677,3.327,1.512,0.707,0.0,,42.9,11.4,11.4,,94.3,91.4,97.1,45.7,5.7,57.1,65.7,57.1,74.3,21.4,82.9,14.3,74.3,100.0,71.4,40.0,100.0,80.0
24547,Alexander Hartmann Bah,Denmark,FB,FB,Right Wing Back,4,296.3,0.0,0.607,0.073,0.0,0.607,0.017,50.118,39.487,5.771,2.126,1.215,0.911,0.304,0.607,0.607,0.911,0.911,3.341,13.972,1.519,2.43,0.788,1.0,0.121,42.9,85.7,65.7,89.3,42.9,34.3,40.0,60.0,37.1,97.1,42.9,80.0,40.0,74.3,34.3,68.6,45.7,51.4,60.0,74.3,48.6,100.0
16554,Joakim Mæhle,Denmark,FB,FB,Left Wing Back,4,309.8,0.0,0.291,0.027,0.0,0.581,0.064,46.772,38.057,3.196,2.034,1.162,2.034,0.581,2.034,1.453,0.291,1.162,2.615,11.62,0.291,0.872,0.814,0.714,0.092,42.9,54.3,34.3,78.6,42.9,51.4,37.1,48.6,42.9,51.4,40.0,77.1,68.6,88.6,91.4,91.4,14.3,65.7,40.0,60.0,5.7,42.9
3308,Kieran Trippier,England,FB,FB,Left Back,6,469.3,0.0,0.192,0.017,0.0,1.726,0.139,67.697,60.026,3.644,3.835,1.342,0.192,0.0,0.384,0.192,0.575,0.384,4.411,8.63,1.151,1.726,0.887,0.5,0.089,42.9,40.0,28.6,75.0,42.9,80.0,91.4,88.6,77.1,71.4,82.9,85.7,8.6,21.4,20.0,37.1,37.1,14.3,88.6,17.1,25.7,91.4
3205,Kyle Walker,England,FB,FB,Right Back,7,736.7,0.0,0.0,0.0,0.0,0.122,0.012,68.658,60.717,2.81,5.62,0.122,1.222,0.366,0.733,0.489,0.244,0.855,2.565,7.452,0.977,0.855,0.884,0.667,,42.9,11.4,11.4,,42.9,31.4,17.1,91.4,71.4,40.0,97.1,8.6,54.3,80.0,48.6,65.7,8.6,45.7,31.4,11.4,22.9,37.1
4445,Jules Koundé,France,FB,FB,Right Back,6,610.2,0.0,0.147,0.01,0.0,1.622,0.147,58.997,49.41,3.392,3.245,1.327,1.032,0.147,0.59,0.295,1.475,1.032,2.507,8.85,2.212,1.327,0.838,0.5,0.071,42.9,34.3,22.9,64.3,42.9,85.7,88.6,80.0,54.3,62.9,71.4,82.9,42.9,42.9,31.4,54.3,85.7,60.0,28.6,22.9,80.0,68.6
6704,Theo Bernard François Hernández,France,FB,FB,Left Back,6,610.2,0.0,0.59,0.036,0.0,0.885,0.145,57.67,52.655,2.802,3.097,0.737,2.802,0.442,1.622,1.032,0.737,0.59,3.54,6.785,1.475,0.442,0.913,0.636,0.061,42.9,60.0,60.0,50.0,42.9,82.9,57.1,77.1,95.7,37.1,68.6,54.3,91.4,82.9,88.6,85.7,42.9,28.6,68.6,5.7,45.7,20.0
25036,Otar Kakabadze,Georgia,FB,FB,Right Wing Back,4,391.5,0.0,0.23,0.003,0.0,0.46,0.092,39.54,28.736,3.218,0.23,0.92,0.46,0.0,1.609,0.23,1.149,0.92,4.138,9.195,0.92,1.379,0.727,0.143,0.013,42.9,25.7,31.4,3.6,42.9,57.1,31.4,22.9,11.4,54.3,2.9,62.9,28.6,21.4,85.7,42.9,68.6,54.3,85.7,34.3,17.1,74.3
5579,Joshua Kimmich,Germany,FB,FB,Right Back,5,524.4,0.0,1.201,0.053,0.343,2.574,0.201,70.538,62.986,6.178,3.261,2.231,2.231,0.0,0.172,0.0,1.03,0.858,3.432,8.924,0.686,0.515,0.893,0.0,0.044,42.9,77.1,91.4,32.1,97.1,97.1,100.0,94.3,82.9,100.0,74.3,97.1,80.0,21.4,8.6,14.3,60.0,48.6,62.9,25.7,11.4,25.7
12407,Maximilian Mittelstädt,Germany,FB,FB,Left Back,4,330.8,0.0,1.36,0.04,0.272,1.088,0.136,60.127,50.605,5.441,2.993,2.177,2.449,0.272,0.544,0.272,0.272,0.544,6.258,8.978,1.36,0.544,0.842,0.5,0.029,42.9,65.7,94.3,17.9,91.4,77.1,74.3,82.9,57.1,94.3,62.9,94.3,82.9,71.4,25.7,51.4,11.4,22.9,100.0,28.6,37.1,28.6
11514,Giovanni Di Lorenzo,Italy,FB,FB,Right Back,4,391.8,0.0,0.459,0.044,0.0,0.0,0.0,73.737,65.008,3.905,4.364,0.0,0.23,0.0,0.0,0.0,1.608,1.149,1.838,15.161,1.378,1.378,0.882,,0.096,42.9,68.6,51.4,82.1,42.9,8.6,8.6,97.1,68.6,74.3,85.7,4.3,11.4,21.4,4.3,14.3,97.1,62.9,8.6,85.7,40.0,71.4
8125,Denzel Dumfries,Netherlands,FB,FB,Right Back,5,484.7,0.0,0.743,0.05,0.0,0.928,0.103,50.691,41.778,2.971,1.485,0.928,0.371,0.186,0.928,0.371,0.928,0.371,2.414,10.584,0.928,1.485,0.824,0.4,0.067,42.9,74.3,82.9,60.7,42.9,68.6,65.7,62.9,48.6,42.9,25.7,65.7,22.9,54.3,60.0,60.0,51.4,11.4,25.7,54.3,20.0,77.1
3306,Nathan Aké,Netherlands,FB,FB,Left Back,6,496.5,0.0,0.363,0.019,0.181,0.725,0.059,49.124,44.592,2.538,3.444,0.363,0.906,0.0,0.181,0.181,1.088,1.994,1.813,7.251,1.631,1.088,0.908,1.0,0.053,42.9,45.7,45.7,46.4,88.6,48.6,54.3,57.1,91.4,25.7,77.1,28.6,34.3,21.4,11.4,34.3,62.9,94.3,5.7,8.6,54.3,60.0
7979,Przemysław Frankowski,Poland,FB,FB,Right Wing Back,3,289.2,0.0,0.0,0.0,0.0,1.245,0.096,39.834,29.253,4.668,1.245,0.622,1.245,0.311,0.934,0.622,1.556,0.934,3.112,17.427,1.556,0.311,0.734,0.667,,42.9,11.4,11.4,,42.9,65.7,77.1,25.7,14.3,88.6,22.9,40.0,57.1,77.1,62.9,71.4,91.4,57.1,51.4,97.1,51.4,14.3
7005,João Pedro Cavaco Cancelo,Portugal,FB,FB,Right Back,4,357.6,0.0,0.503,0.02,0.0,1.258,0.106,64.43,55.872,4.53,5.034,2.013,4.279,2.013,4.279,2.517,1.51,1.258,4.53,8.809,1.762,1.007,0.867,0.588,0.04,42.9,48.6,54.3,28.6,42.9,71.4,80.0,85.7,64.3,85.7,94.3,91.4,94.3,97.1,100.0,97.1,88.6,77.1,91.4,20.0,62.9,57.1
41092,Nuno Mendes,Portugal,FB,FB,Left Back,4,438.5,0.0,0.616,0.038,0.0,0.616,0.007,74.914,66.499,3.489,7.184,0.205,2.668,0.821,3.694,1.642,0.41,1.642,3.284,10.468,2.052,1.847,0.888,0.444,0.062,42.9,62.9,68.6,53.6,42.9,25.7,42.9,100.0,80.0,68.6,100.0,11.4,88.6,91.4,94.3,94.3,25.7,88.6,54.3,51.4,77.1,97.1
24861,Andrei Florin Ratiu,Romania,FB,FB,Right Back,4,381.5,0.0,0.708,0.032,0.0,0.472,0.01,29.253,24.063,1.18,0.472,0.236,2.123,0.236,1.18,0.236,1.18,1.18,2.123,11.56,1.651,0.472,0.823,0.2,0.045,42.9,57.1,77.1,35.7,42.9,28.6,34.3,8.6,45.7,5.7,8.6,17.1,77.1,65.7,71.4,48.6,71.4,68.6,17.1,57.1,57.1,22.9
34600,Nicușor Silviu Bancu,Romania,FB,FB,Left Back,3,288.7,0.0,0.0,0.0,0.0,0.623,0.033,43.332,32.421,3.117,1.559,0.623,1.559,0.0,0.935,0.935,0.312,0.623,5.3,13.093,2.806,0.312,0.748,1.0,,42.9,11.4,11.4,,42.9,42.9,45.7,37.1,20.0,45.7,34.3,42.9,62.9,21.4,65.7,82.9,20.0,31.4,97.1,68.6,97.1,17.1
3655,Andrew Robertson,Scotland,FB,FB,Left Wing Back,3,283.6,0.0,0.0,0.0,0.0,1.269,0.094,38.717,29.513,3.173,2.221,0.635,1.587,0.0,0.317,0.0,1.587,0.635,1.904,9.838,1.904,0.635,0.762,0.0,,42.9,11.4,11.4,,42.9,60.0,82.9,20.0,25.7,48.6,48.6,45.7,65.7,21.4,17.1,14.3,94.3,34.3,11.4,48.6,71.4,34.3
22308,Anthony Ralston,Scotland,FB,FB,Right Wing Back,3,278.3,0.0,0.0,0.0,0.0,0.647,0.026,29.752,21.991,2.264,0.97,0.97,0.0,0.0,0.647,0.0,0.0,0.323,2.587,9.702,1.94,1.617,0.739,0.0,,42.9,11.4,11.4,,42.9,40.0,51.4,11.4,17.1,22.9,20.0,68.6,4.3,21.4,37.1,14.3,4.3,8.6,34.3,42.9,74.3,85.7
16879,Dávid Hancko,Slovakia,FB,FB,Left Back,4,399.3,0.0,0.902,0.057,0.0,0.225,0.006,42.374,30.654,4.508,2.254,1.127,0.451,0.225,0.902,0.225,1.127,0.676,2.254,12.397,1.803,1.803,0.723,0.25,0.063,42.9,80.0,85.7,57.1,42.9,22.9,20.0,34.3,8.6,82.9,54.3,74.3,25.7,62.9,54.3,40.0,65.7,40.0,20.0,65.7,65.7,94.3
9722,Peter Pekarík,Slovakia,FB,FB,Right Back,4,412.1,0.0,0.655,0.12,0.0,0.437,0.044,27.954,24.242,1.529,1.529,0.655,1.092,0.218,0.655,0.0,0.0,1.31,2.402,6.333,1.31,0.874,0.867,0.0,0.183,42.9,97.1,74.3,100.0,42.9,45.7,28.6,5.7,64.3,11.4,31.4,51.4,45.7,60.0,40.0,14.3,4.3,80.0,22.9,2.9,34.3,45.7
28211,Erik Janža,Slovenia,FB,FB,Left Back,3,282.9,0.318,0.954,0.018,0.0,0.954,0.171,36.903,24.814,1.909,2.227,0.318,0.636,0.0,0.0,0.0,0.954,0.0,1.591,21.315,2.227,1.273,0.672,,0.019,100.0,42.9,88.6,10.7,42.9,94.3,68.6,17.1,2.9,17.1,51.4,22.9,31.4,21.4,4.3,14.3,54.3,2.9,2.9,100.0,82.9,65.7
137487,Žan Karničnik,Slovenia,FB,FB,Right Back,4,415.4,0.217,0.65,0.077,0.0,0.0,0.0,41.165,32.282,2.6,1.517,0.217,1.517,0.217,1.083,0.867,1.733,1.517,3.683,14.733,2.383,0.0,0.784,0.8,0.119,94.3,88.6,71.4,85.7,42.9,8.6,8.6,28.6,31.4,28.6,28.6,14.3,60.0,57.1,68.6,77.1,100.0,85.7,74.3,82.9,88.6,5.7
5721,Daniel Carvajal Ramos,Spain,FB,FB,Right Back,5,507.5,0.177,0.355,0.062,0.0,0.887,0.066,57.635,51.783,4.256,4.788,0.355,0.355,0.177,0.887,0.177,0.355,0.532,3.724,9.754,0.887,0.887,0.898,0.2,0.174,85.7,82.9,40.0,96.4,42.9,54.3,60.0,74.3,88.6,80.0,88.6,25.7,17.1,48.6,51.4,28.6,22.9,17.1,77.1,45.7,14.3,48.6
17620,Marc Cucurella Saseta,Spain,FB,FB,Left Back,6,592.0,0.0,0.152,0.002,0.152,0.912,0.094,55.946,51.081,3.345,3.497,0.608,1.216,0.152,0.456,0.0,1.216,1.672,1.976,13.682,1.216,1.672,0.913,0.0,0.016,42.9,22.9,25.7,7.1,85.7,62.9,62.9,71.4,95.7,60.0,80.0,34.3,51.4,45.7,22.9,14.3,77.1,91.4,14.3,71.4,28.6,88.6
45190,Dan Ndoye,Switzerland,FB,FB,Right Wing Back,5,422.5,0.213,2.982,0.264,0.0,0.639,0.025,23.645,18.533,1.491,0.426,0.639,5.964,2.556,4.047,2.769,0.639,0.639,2.982,16.402,0.213,0.0,0.784,0.684,0.089,91.4,100.0,100.0,71.4,42.9,37.1,48.6,2.9,28.6,8.6,5.7,48.6,100.0,100.0,97.1,100.0,40.0,37.1,42.9,94.3,2.9,5.7
16016,Michel Aebischer,Switzerland,FB,FB,Left Wing Back,5,507.1,0.177,0.355,0.016,0.355,1.065,0.13,44.015,39.401,4.082,2.485,1.42,0.355,0.177,0.71,0.177,0.532,0.532,3.727,15.796,1.242,0.887,0.895,0.25,0.045,88.6,37.1,42.9,39.3,100.0,74.3,71.4,40.0,85.7,77.1,57.1,88.6,20.0,51.4,45.7,31.4,31.4,20.0,80.0,91.4,31.4,51.4
7796,Silvan Widmer,Switzerland,FB,FB,Right Wing Back,4,315.4,0.0,0.571,0.046,0.0,0.285,0.004,36.24,28.535,1.141,0.856,0.0,0.0,0.571,0.571,0.0,0.571,0.571,3.995,13.982,1.712,0.856,0.787,0.0,0.08,42.9,71.4,57.1,67.9,42.9,20.0,25.7,14.3,34.3,2.9,14.3,4.3,4.3,85.7,28.6,14.3,34.3,25.7,82.9,77.1,60.0,40.0
30438,Ferdi Erenay Kadıoğlu,Turkey,FB,FB,Left Back,5,490.2,0.0,0.367,0.01,0.0,2.203,0.155,51.958,44.064,2.203,2.57,0.918,5.141,1.102,1.285,0.918,1.469,0.734,4.59,11.75,1.469,0.551,0.848,0.714,0.028,42.9,31.4,48.6,14.3,42.9,88.6,94.3,68.6,60.0,20.0,60.0,60.0,97.1,94.3,74.3,80.0,82.9,42.9,94.3,62.9,42.9,31.4
10826,Mert Müldür,Turkey,FB,FB,Right Back,4,366.8,0.245,0.736,0.115,0.0,0.245,0.003,41.957,33.615,3.435,0.736,0.981,2.454,0.0,1.472,0.736,0.981,1.227,3.435,9.079,2.699,0.981,0.801,0.5,0.156,97.1,94.3,80.0,92.9,42.9,17.1,22.9,31.4,40.0,65.7,11.4,71.4,85.7,21.4,77.1,74.3,57.1,74.3,65.7,31.4,91.4,54.3
3325,Marko Arnautović,Austria,FW,FW,Center Forward,4,297.9,0.0,0.906,0.239,0.302,0.302,0.043,16.918,11.782,0.604,0.0,0.0,0.604,0.0,0.604,0.302,0.302,0.0,3.625,16.616,0.604,0.906,0.696,0.5,0.263,29.4,35.3,5.9,100.0,94.1,41.2,11.8,35.3,47.1,41.2,8.8,8.8,11.8,8.8,23.5,23.5,58.8,29.4,88.2,76.5,64.7,35.3
3289,Romelu Lukaku Menama,Belgium,FW,FW,Center Forward,4,381.4,0.0,2.596,0.413,0.236,0.944,0.083,13.214,8.731,0.472,0.236,0.236,1.416,0.708,0.708,0.472,0.0,0.236,2.832,3.304,0.472,1.652,0.661,0.667,0.159,29.4,88.2,70.6,76.5,82.4,64.7,58.8,5.9,23.5,17.6,17.6,23.5,41.2,58.8,35.3,47.1,17.6,70.6,70.6,5.9,52.9,58.8
51672,Rasmus Winther Højlund,Denmark,FW,FW,Center Forward,4,296.7,0.0,1.82,0.335,0.0,0.91,0.032,16.38,13.043,0.303,0.607,0.91,1.213,1.213,1.213,0.303,0.0,0.0,1.517,24.57,0.303,0.91,0.796,0.25,0.184,29.4,64.7,29.4,82.4,32.4,23.5,52.9,23.5,64.7,5.9,35.3,76.5,29.4,82.4,58.8,29.4,17.6,29.4,11.8,88.2,41.2,41.2
10955,Harry Kane,England,FW,FW,Center Forward,7,635.0,0.283,2.409,0.322,0.0,0.709,0.034,14.74,9.496,1.843,0.992,1.134,0.709,0.142,0.283,0.142,0.142,0.0,2.551,12.898,0.0,1.984,0.644,0.5,0.134,88.2,52.9,64.7,64.7,32.4,29.4,47.1,17.6,17.6,88.2,82.4,88.2,17.6,17.6,11.8,11.8,35.3,29.4,64.7,35.3,11.8,76.5
2972,Marcus Thuram,France,FW,FW,Center Forward,4,276.6,0.0,3.905,0.384,0.0,0.325,0.007,18.221,14.967,1.302,0.651,0.976,2.928,1.302,0.976,0.325,0.0,0.651,1.952,13.666,0.651,2.928,0.821,0.333,0.098,29.4,76.5,100.0,23.5,32.4,5.9,17.6,70.6,76.5,58.8,41.2,82.4,88.2,88.2,41.2,35.3,17.6,88.2,29.4,47.1,70.6,100.0
33234,Georges Mikautadze,Georgia,FW,FW,Right Center Forward,4,369.3,0.244,0.975,0.112,0.244,1.219,0.152,17.547,13.404,1.462,0.975,0.487,2.437,0.487,4.387,1.706,0.244,0.0,3.656,14.622,0.0,0.487,0.764,0.389,0.115,70.6,11.8,11.8,52.9,88.2,82.4,76.5,58.8,58.8,64.7,76.5,52.9,76.5,47.1,94.1,88.2,47.1,29.4,94.1,58.8,11.8,17.6
38229,Khvicha Kvaratskhelia,Georgia,FW,FW,Left Center Forward,4,363.8,0.247,1.484,0.137,0.0,1.979,0.091,22.018,17.565,2.226,0.742,1.237,7.174,0.99,6.927,3.463,0.495,0.0,3.216,11.38,0.247,0.247,0.798,0.5,0.092,76.5,17.6,17.6,17.6,32.4,76.5,88.2,82.4,70.6,94.1,47.1,94.1,100.0,70.6,100.0,100.0,64.7,29.4,76.5,23.5,29.4,5.9
8966,Kai Havertz,Germany,FW,FW,Center Forward,5,420.3,0.0,3.64,0.474,0.214,0.428,0.044,24.197,20.343,1.499,0.428,0.642,2.784,1.927,1.071,0.642,0.214,0.214,1.499,12.206,1.499,2.57,0.841,0.6,0.13,29.4,100.0,88.2,58.8,76.5,47.1,23.5,88.2,88.2,70.6,29.4,64.7,82.4,94.1,47.1,64.7,41.2,64.7,5.9,29.4,94.1,82.4
10992,Gianluca Scamacca,Italy,FW,FW,Center Forward,4,270.1,0.0,1.999,0.178,0.0,1.0,0.085,17.327,11.662,0.666,0.0,0.333,0.333,0.333,0.666,0.333,0.0,0.666,2.332,10.663,0.333,1.0,0.673,0.5,0.089,29.4,23.5,41.2,11.8,32.4,70.6,64.7,52.9,29.4,47.1,8.8,47.1,5.9,29.4,29.4,41.2,17.6,94.1,52.9,17.6,47.1,47.1
2988,Memphis Depay,Netherlands,FW,FW,Center Forward,6,478.0,0.188,3.389,0.367,0.188,2.071,0.162,31.255,21.088,1.506,1.695,0.753,2.071,0.565,2.071,0.941,0.565,0.188,1.883,14.121,0.0,0.565,0.675,0.455,0.108,58.8,70.6,82.4,41.2,70.6,88.2,94.1,94.1,35.3,76.5,94.1,70.6,64.7,52.9,76.5,76.5,70.6,58.8,23.5,52.9,11.8,23.5
5207,Cristiano Ronaldo dos Santos Aveiro,Portugal,FW,FW,Center Forward,5,511.1,0.0,3.874,0.385,0.176,1.057,0.228,17.785,14.792,0.352,0.88,0.176,0.88,0.352,1.409,0.704,0.0,0.0,2.289,5.811,0.176,1.761,0.832,0.5,0.099,29.4,82.4,94.1,29.4,64.7,94.1,70.6,64.7,82.4,11.8,64.7,17.6,23.5,35.3,64.7,70.6,17.6,29.4,41.2,11.8,23.5,64.7
31193,Denis Mihai Drăguş,Romania,FW,FW,Center Forward,4,302.4,0.298,1.488,0.327,0.0,0.595,0.012,16.667,10.714,0.595,0.298,0.298,2.083,0.893,1.786,1.19,0.893,0.298,2.381,25.893,1.786,1.488,0.643,0.667,0.22,94.1,58.8,23.5,94.1,32.4,17.6,41.2,29.4,11.8,35.3,23.5,41.2,70.6,64.7,70.6,82.4,82.4,82.4,58.8,100.0,100.0,52.9
31866,Andraž Šporar,Slovenia,FW,FW,Right Center Forward,4,354.2,0.0,2.033,0.317,0.0,1.27,0.073,17.278,11.688,0.508,0.762,0.254,1.27,0.0,0.254,0.0,0.254,0.0,2.033,13.467,1.016,1.779,0.676,0.0,0.156,29.4,47.1,47.1,70.6,32.4,58.8,82.4,41.2,41.2,29.4,52.9,29.4,35.3,8.8,5.9,5.9,52.9,29.4,35.3,41.2,82.4,70.6
38759,Benjamin Šeško,Slovenia,FW,FW,Left Center Forward,4,374.7,0.0,1.922,0.203,0.0,0.48,0.037,17.294,11.049,0.48,0.961,0.0,1.922,0.48,2.162,0.48,0.961,0.0,3.363,14.892,1.201,2.882,0.639,0.222,0.106,29.4,29.4,35.3,35.3,32.4,35.3,29.4,47.1,5.9,23.5,70.6,8.8,58.8,41.2,82.4,52.9,94.1,29.4,82.4,64.7,88.2,94.1
3477,Álvaro Borja Morata Martín,Spain,FW,FW,Center Forward,7,470.2,0.191,2.68,0.3,0.0,0.574,0.066,21.438,15.121,0.766,1.34,0.574,1.531,0.191,0.574,0.191,0.957,0.0,2.297,24.692,0.574,2.68,0.705,0.333,0.112,64.7,41.2,76.5,47.1,32.4,52.9,35.3,76.5,52.9,52.9,88.2,58.8,47.1,23.5,17.6,17.6,88.2,29.4,47.1,94.1,58.8,88.2
5545,Breel-Donald Embolo,Switzerland,FW,FW,Center Forward,5,317.9,0.566,2.265,0.444,0.0,0.283,0.01,13.589,11.607,1.699,0.849,0.283,1.699,2.548,1.132,0.566,0.849,0.283,1.699,18.119,0.849,0.566,0.854,0.5,0.196,100.0,94.1,58.8,88.2,32.4,11.8,5.9,11.8,100.0,82.4,58.8,35.3,52.9,100.0,52.9,58.8,76.5,76.5,17.6,82.4,76.5,29.4
116587,Arda Güler,Turkey,FW,FW,Center Forward,5,360.8,0.249,2.245,0.083,0.499,2.245,0.303,48.392,40.909,2.744,2.744,1.247,4.241,0.998,3.742,1.746,1.247,0.748,4.241,14.967,0.249,0.249,0.845,0.467,0.037,82.4,5.9,52.9,5.9,100.0,100.0,100.0,100.0,94.1,100.0,100.0,100.0,94.1,76.5,88.2,94.1,100.0,100.0,100.0,70.6,35.3,11.8
7789,Thomas Strakosha,Albania,GK,GK,Goalkeeper,3,293.8,0.0,0.0,0.0,0.0,0.0,0.0,27.263,18.38,3.063,0.0,0.0,0.0,0.0,0.0,0.0,0.0,0.0,2.144,0.0,0.0,0.0,0.674,,,52.4,52.4,52.4,,52.4,52.4,52.4,33.3,33.3,61.9,19.0,45.2,52.4,52.4,50.0,50.0,52.4,52.4,4.8,40.5,42.9,52.4
9731,Patrick Pentz,Austria,GK,GK,Goalkeeper,4,390.9,0.0,0.0,0.0,0.0,0.0,0.0,33.384,27.398,4.375,0.23,0.0,0.0,0.0,0.0,0.0,0.0,0.0,3.223,0.23,0.0,0.0,0.821,,,52.4,52.4,52.4,,52.4,52.4,52.4,71.4,76.2,90.5,57.1,45.2,52.4,52.4,50.0,50.0,52.4,52.4,57.1,100.0,42.9,52.4
8240,Koen Casteels,Belgium,GK,GK,Goalkeeper,4,386.2,0.0,0.0,0.0,0.0,0.0,0.0,33.558,27.499,0.699,0.233,0.233,0.0,0.0,0.0,0.0,0.0,0.0,2.563,0.0,0.0,0.0,0.819,,,52.4,52.4,52.4,,52.4,52.4,52.4,76.2,71.4,4.8,71.4,95.2,52.4,52.4,50.0,50.0,52.4,52.4,23.8,40.5,42.9,52.4
16531,Dominik Livaković,Croatia,GK,GK,Goalkeeper,3,297.8,0.0,0.0,0.0,0.0,0.0,0.0,26.897,19.946,1.511,0.0,0.0,0.0,0.0,0.0,0.0,0.0,0.0,2.418,0.0,0.0,0.0,0.742,,,52.4,52.4,52.4,,52.4,52.4,52.4,28.6,47.6,33.3,19.0,45.2,52.4,52.4,50.0,50.0,52.4,52.4,14.3,40.5,42.9,52.4
3815,Kasper Schmeichel,Denmark,GK,GK,Goalkeeper,4,387.8,0.0,0.0,0.0,0.0,0.0,0.0,26.225,21.119,1.392,0.232,0.0,0.0,0.0,0.0,0.0,0.0,0.0,3.249,0.0,0.0,0.0,0.805,,,52.4,52.4,52.4,,52.4,52.4,52.4,23.8,61.9,23.8,61.9,45.2,52.4,52.4,50.0,50.0,52.4,52.4,61.9,40.5,42.9,52.4
3468,Jordan Pickford,England,GK,GK,Goalkeeper,7,736.7,0.0,0.0,0.0,0.0,0.0,0.0,37.383,27.487,3.787,0.855,0.122,0.0,0.0,0.0,0.0,0.0,0.0,2.688,0.122,0.0,0.0,0.735,,,52.4,52.4,52.4,,52.4,52.4,52.4,100.0,42.9,76.2,95.2,90.5,52.4,52.4,50.0,50.0,52.4,52.4,33.3,81.0,42.9,52.4
3761,Mike Maignan,France,GK,GK,Goalkeeper,6,610.2,0.0,0.0,0.0,0.0,0.0,0.0,24.336,19.764,1.475,0.147,0.0,0.0,0.0,0.0,0.0,0.0,0.0,2.36,0.147,0.147,0.0,0.812,,,52.4,52.4,52.4,,52.4,52.4,52.4,9.5,66.7,28.6,42.9,45.2,52.4,52.4,50.0,50.0,52.4,52.4,9.5,85.7,85.7,52.4
102371,Giorgi Mamardashvili,Georgia,GK,GK,Goalkeeper,4,391.5,0.0,0.0,0.0,0.0,0.0,0.0,28.276,15.402,0.92,0.0,0.0,0.0,0.0,0.0,0.0,0.0,0.0,3.678,0.0,0.0,0.0,0.545,,,52.4,52.4,52.4,,52.4,52.4,52.4,42.9,4.8,9.5,19.0,45.2,52.4,52.4,50.0,50.0,52.4,52.4,85.7,40.5,42.9,52.4
5570,Manuel Neuer,Germany,GK,GK,Goalkeeper,5,524.4,0.0,0.0,0.0,0.0,0.0,0.0,24.542,21.11,1.03,0.172,0.0,0.0,0.0,0.0,0.0,0.0,0.0,2.918,0.0,0.0,0.0,0.86,,,52.4,52.4,52.4,,52.4,52.4,52.4,14.3,95.2,19.0,47.6,45.2,52.4,52.4,50.0,50.0,52.4,52.4,42.9,40.5,42.9,52.4
8524,Péter Gulácsi,Hungary,GK,GK,Goalkeeper,3,297.4,0.0,0.0,0.0,0.0,0.0,0.0,28.749,22.394,2.421,0.908,0.303,0.0,0.0,0.0,0.0,0.0,0.0,3.329,0.0,0.303,0.0,0.779,,,52.4,52.4,52.4,,52.4,52.4,52.4,47.6,57.1,57.1,100.0,100.0,52.4,52.4,50.0,50.0,52.4,52.4,66.7,40.5,95.2,52.4
7036,Gianluigi Donnarumma,Italy,GK,GK,Goalkeeper,4,391.8,0.0,0.0,0.0,0.0,0.0,0.0,23.201,19.525,1.608,0.0,0.0,0.0,0.0,0.0,0.0,0.0,0.0,2.527,0.23,0.23,0.0,0.842,,,52.4,52.4,52.4,,52.4,52.4,52.4,4.8,85.7,38.1,19.0,45.2,52.4,52.4,50.0,50.0,52.4,52.4,19.0,95.2,90.5,52.4
37274,Bart Verbruggen,Netherlands,GK,GK,Goalkeeper,6,586.4,0.0,0.0,0.0,0.0,0.0,0.0,32.231,27.319,3.837,0.767,0.0,0.0,0.0,0.0,0.0,0.0,0.0,3.683,0.0,0.0,0.0,0.848,,,52.4,52.4,52.4,,52.4,52.4,52.4,61.9,90.5,81.0,90.5,45.2,52.4,52.4,50.0,50.0,52.4,52.4,90.5,40.5,42.9,52.4
32975,Diogo Meireles Costa,Portugal,GK,GK,Goalkeeper,5,540.3,0.0,0.0,0.0,0.0,0.0,0.0,25.652,23.154,0.999,0.0,0.0,0.0,0.0,0.0,0.0,0.0,0.0,2.998,0.0,0.0,0.0,0.903,,,52.4,52.4,52.4,,52.4,52.4,52.4,19.0,100.0,14.3,19.0,45.2,52.4,52.4,50.0,50.0,52.4,52.4,47.6,40.5,42.9,52.4
28242,Florin Constantin Niţă,Romania,GK,GK,Goalkeeper,4,386.7,0.0,0.0,0.0,0.0,0.0,0.0,34.678,19.55,3.258,0.233,0.0,0.0,0.0,0.0,0.0,0.0,0.0,4.888,0.0,0.0,0.0,0.564,,,52.4,52.4,52.4,,52.4,52.4,52.4,85.7,9.5,71.4,66.7,45.2,52.4,52.4,50.0,50.0,52.4,52.4,100.0,40.5,42.9,52.4
22379,Angus Gunn,Scotland,GK,GK,Goalkeeper,3,296.9,0.0,0.0,0.0,0.0,0.0,0.0,34.86,20.916,4.547,0.606,0.0,0.0,0.0,0.0,0.0,0.0,0.0,3.334,0.0,0.303,0.0,0.6,,,52.4,52.4,52.4,,52.4,52.4,52.4,90.5,14.3,95.2,76.2,45.2,52.4,52.4,50.0,50.0,52.4,52.4,71.4,40.5,100.0,52.4
15731,Predrag Rajković,Serbia,GK,GK,Goalkeeper,3,289.8,0.0,0.0,0.0,0.0,0.0,0.0,32.298,22.36,4.348,0.621,0.0,0.0,0.0,0.311,0.311,0.0,0.0,3.727,0.0,0.0,0.0,0.692,1.0,,52.4,52.4,52.4,,52.4,52.4,52.4,66.7,38.1,85.7,81.0,45.2,52.4,52.4,100.0,100.0,52.4,52.4,95.2,40.5,42.9,52.4
3711,Martin Dúbravka,Slovakia,GK,GK,Goalkeeper,4,427.9,0.0,0.0,0.0,0.0,0.0,0.0,34.494,22.716,1.893,0.0,0.0,0.0,0.0,0.0,0.0,0.0,0.0,3.365,0.21,0.0,0.0,0.659,,,52.4,52.4,52.4,,52.4,52.4,52.4,81.0,28.6,42.9,19.0,45.2,52.4,52.4,50.0,50.0,52.4,52.4,76.2,90.5,42.9,52.4
6378,Jan Oblak,Slovenia,GK,GK,Goalkeeper,4,415.4,0.0,0.0,0.0,0.0,0.0,0.0,27.949,17.116,3.25,0.217,0.0,0.0,0.0,0.0,0.0,0.0,0.0,2.817,0.0,0.0,0.0,0.612,,,52.4,52.4,52.4,,52.4,52.4,52.4,38.1,19.0,66.7,52.4,45.2,52.4,52.4,50.0,50.0,52.4,52.4,38.1,40.5,42.9,52.4
11748,Unai Simón Mendibil,Spain,GK,GK,Goalkeeper,6,619.4,0.0,0.0,0.0,0.0,0.0,0.0,35.744,27.317,4.65,0.145,0.0,0.0,0.0,0.0,0.0,0.0,0.0,3.633,0.0,0.0,0.0,0.764,,,52.4,52.4,52.4,,52.4,52.4,52.4,95.2,52.4,100.0,38.1,45.2,52.4,52.4,50.0,50.0,52.4,52.4,81.0,40.5,42.9,52.4
5550,Yann Sommer,Switzerland,GK,GK,Goalkeeper,5,511.4,0.0,0.0,0.0,0.0,0.0,0.0,29.566,24.462,2.288,0.0,0.0,0.0,0.0,0.0,0.0,0.0,0.0,2.64,0.0,0.0,0.0,0.827,,,52.4,52.4,52.4,,52.4,52.4,52.4,57.1,81.0,52.4,19.0,45.2,52.4,52.4,50.0,50.0,52.4,52.4,28.6,40.5,42.9,52.4
30310,Fehmi Mert Günok,Turkey,GK,GK,Goalkeeper,4,394.1,0.0,0.0,0.0,0.0,0.0,0.0,29.231,18.955,2.284,0.685,0.0,0.0,0.0,0.0,0.0,0.0,0.0,3.197,0.0,0.0,0.0,0.648,,,52.4,52.4,52.4,,52.4,52.4,52.4,52.4,23.8,47.6,85.7,45.2,52.4,52.4,50.0,50.0,52.4,52.4,52.4,40.5,42.9,52.4
57303,Kristjan Asllani,Albania,DM,MF,Left Defensive Midfield,3,293.8,0.0,2.451,0.193,0.0,2.451,0.15,59.122,49.013,3.676,3.37,0.613,0.919,0.0,0.306,0.306,0.306,1.838,3.676,11.334,1.532,0.306,0.829,1.0,0.079,38.2,100.0,97.1,81.2,42.6,94.1,97.1,67.6,26.5,70.6,44.1,44.1,44.1,22.1,26.5,44.1,8.8,97.1,55.9,29.4,76.5,14.7
24438,Ylber Ramadani,Albania,DM,MF,Right Defensive Midfield,3,279.9,0.0,0.0,0.0,0.0,0.322,0.01,34.727,31.19,0.965,1.608,0.0,0.643,0.322,0.322,0.322,1.929,0.965,4.18,16.72,0.643,0.322,0.898,1.0,,38.2,4.4,4.4,,42.6,8.8,14.7,20.6,60.3,8.8,14.7,11.8,35.3,70.6,29.4,47.1,97.1,58.8,73.5,61.8,20.6,23.5
8506,Konrad Laimer,Austria,DM,MF,Left Defensive Midfield,4,286.4,0.0,0.628,0.085,0.0,0.628,0.071,40.223,34.881,3.457,3.771,0.943,1.885,0.628,0.943,0.628,0.943,0.628,3.457,22.311,0.628,0.314,0.867,0.667,0.135,38.2,82.4,35.3,96.9,42.6,70.6,38.2,29.4,29.4,67.6,52.9,76.5,88.2,82.4,70.6,76.5,44.1,41.2,44.1,91.2,17.6,20.6
39460,Nicolas Seiwald,Austria,DM,MF,Right Defensive Midfield,4,390.9,0.0,0.23,0.008,0.0,1.151,0.064,53.645,46.969,2.993,3.684,0.691,0.46,0.0,0.23,0.0,1.381,2.072,5.526,22.563,1.381,0.691,0.876,0.0,0.034,38.2,11.8,14.7,25.0,42.6,64.7,76.5,52.9,35.3,55.9,47.1,47.1,20.6,22.1,17.6,14.7,76.5,100.0,94.1,94.1,58.8,47.1
48347,Amadou Onana,Belgium,DM,MF,Right Defensive Midfield,4,386.2,0.0,0.699,0.039,0.0,0.233,0.002,54.997,50.104,2.33,2.796,0.932,1.165,0.0,0.932,0.932,1.165,0.466,2.33,14.682,1.165,1.165,0.911,1.0,0.056,38.2,41.2,41.2,56.2,42.6,5.9,5.9,64.7,82.4,38.2,29.4,70.6,55.9,22.1,67.6,88.2,58.8,14.7,17.6,50.0,50.0,73.5
4870,Tomáš Souček,Czech Republic,DM,MF,Right Defensive Midfield,3,297.6,0.302,0.605,0.056,0.0,1.512,0.15,26.613,21.472,2.419,3.024,0.0,0.0,0.0,0.0,0.0,1.21,0.605,3.629,15.121,2.117,2.117,0.807,,0.093,97.1,58.8,29.4,93.8,42.6,91.2,85.3,5.9,17.6,41.2,32.4,11.8,5.9,22.1,5.9,14.7,61.8,38.2,52.9,52.9,94.1,94.1
3570,Pierre-Emile Højbjerg,Denmark,DM,MF,Left Defensive Midfield,4,376.7,0.0,1.672,0.055,0.0,0.717,0.039,71.197,63.313,4.778,6.212,1.195,1.434,0.717,1.195,0.478,1.434,1.672,5.495,18.158,1.434,1.195,0.889,0.4,0.033,38.2,55.9,76.5,15.6,42.6,41.2,44.1,91.2,47.1,94.1,85.3,91.2,67.6,91.2,88.2,61.8,82.4,91.2,91.2,73.5,64.7,76.5
3943,Declan Rice,England,DM,MF,Left Defensive Midfield,7,736.7,0.0,1.099,0.048,0.122,0.489,0.014,65.237,59.373,2.077,4.398,0.489,0.977,0.0,0.733,0.611,1.099,0.977,4.154,10.018,1.099,1.466,0.91,0.833,0.044,38.2,50.0,58.8,40.6,85.3,14.7,29.4,76.5,75.0,23.5,61.8,41.2,50.0,22.1,55.9,73.5,50.0,64.7,64.7,5.9,44.1,82.4
99174,Kobbie Mainoo,England,DM,MF,Right Defensive Midfield,6,389.6,0.0,1.155,0.058,0.0,0.693,0.019,46.894,42.505,1.155,2.079,0.924,2.541,0.231,1.155,0.231,1.155,0.924,3.234,10.857,0.693,0.462,0.906,0.2,0.05,38.2,61.8,64.7,46.9,42.6,26.5,41.2,44.1,67.6,11.8,17.6,67.6,91.2,52.9,82.4,32.4,52.9,52.9,29.4,17.6,23.5,35.3
3026,Adrien Rabiot,France,CM,MF,Left Center Midfield,5,388.1,0.0,0.696,0.061,0.0,2.319,0.14,54.496,49.626,4.174,5.334,0.696,1.855,0.232,0.928,0.696,1.159,0.232,4.174,11.131,0.232,0.696,0.911,0.75,0.087,38.2,67.6,38.2,90.6,42.6,85.3,94.1,58.8,79.4,79.4,73.5,50.0,85.3,55.9,64.7,82.4,55.9,8.8,67.6,26.5,5.9,50.0
10481,Aurélien Djani Tchouaméni,France,DM,MF,Center Defensive Midfield,5,495.0,0.0,2.182,0.074,0.0,0.909,0.037,69.273,64.364,3.818,9.818,0.727,0.909,0.0,0.0,0.0,0.727,1.091,1.455,10.909,1.455,0.909,0.929,,0.034,38.2,79.4,91.2,21.9,42.6,35.3,58.8,85.3,94.1,73.5,97.1,58.8,41.2,22.1,5.9,14.7,20.6,70.6,2.9,20.6,70.6,55.9
3961,N'Golo Kanté,France,CM,MF,Right Center Midfield,6,540.8,0.0,0.832,0.04,0.0,1.664,0.169,53.92,48.428,4.327,4.993,1.331,2.829,0.666,0.999,0.499,1.331,1.165,4.493,19.804,0.832,0.333,0.898,0.5,0.048,38.2,44.1,52.9,43.8,42.6,97.1,88.2,55.9,60.3,85.3,67.6,97.1,97.1,85.3,76.5,70.6,70.6,73.5,79.4,85.3,29.4,26.5
41202,Giorgi Kochorashvili,Georgia,CM,MF,Left Center Midfield,4,391.5,0.0,1.149,0.188,0.23,0.46,0.048,40.46,36.782,2.529,2.299,0.0,1.379,0.46,1.609,1.149,1.379,1.379,4.598,16.092,1.149,0.46,0.909,0.714,0.163,38.2,97.1,61.8,100.0,88.2,50.0,23.5,32.4,70.6,44.1,20.6,11.8,64.7,76.5,91.2,97.1,73.5,82.4,82.4,55.9,47.1,32.4
9195,Robert Andrich,Germany,DM,MF,Right Defensive Midfield,5,345.3,0.0,1.825,0.072,0.0,0.782,0.029,60.99,54.474,4.431,5.995,0.782,0.0,0.261,0.0,0.0,1.564,0.521,3.388,16.942,2.606,1.825,0.893,,0.039,38.2,76.5,82.4,34.4,42.6,29.4,50.0,70.6,50.0,88.2,76.5,61.8,5.9,67.6,5.9,14.7,94.1,29.4,41.2,67.6,100.0,88.2
5574,Toni Kroos,Germany,DM,MF,Left Defensive Midfield,5,510.8,0.0,0.529,0.027,0.0,2.643,0.14,96.026,86.159,6.343,10.219,1.057,0.352,0.176,0.176,0.0,1.233,1.233,1.762,11.629,0.529,0.176,0.897,0.0,0.052,38.2,29.4,20.6,50.0,42.6,88.2,100.0,100.0,52.9,100.0,100.0,88.2,17.6,50.0,11.8,14.7,64.7,76.5,5.9,32.4,11.8,8.8
42822,András Schäfer,Hungary,DM,MF,Left Defensive Midfield,3,297.4,0.0,0.605,0.02,0.0,0.0,0.0,39.644,34.499,2.118,1.21,0.0,1.21,1.21,2.724,1.513,0.908,0.0,3.026,18.763,1.21,1.513,0.87,0.556,0.033,38.2,17.6,32.4,18.8,42.6,2.9,2.9,26.5,32.4,29.4,5.9,11.8,61.8,100.0,100.0,100.0,41.2,4.4,26.5,79.4,52.9,85.3
8181,Nicolò Barella,Italy,CM,MF,Left Center Midfield,4,359.2,0.251,0.251,0.021,0.0,1.002,0.053,66.899,60.885,4.009,5.262,1.253,1.503,0.251,1.002,0.251,1.503,0.752,3.758,16.787,0.251,0.251,0.91,0.25,0.085,91.2,20.6,17.6,87.5,42.6,61.8,73.5,79.4,75.0,76.5,70.6,94.1,76.5,64.7,79.4,38.2,91.2,50.0,61.8,64.7,8.8,11.8
15503,Jerdy Schouten,Netherlands,DM,MF,Right Defensive Midfield,6,537.2,0.0,0.168,0.012,0.0,0.503,0.039,54.952,50.931,4.523,4.188,0.335,0.503,0.335,0.67,0.67,0.335,1.005,4.691,11.057,0.838,0.838,0.927,1.0,0.072,38.2,14.7,8.8,78.1,42.6,44.1,32.4,61.8,91.2,91.2,55.9,35.3,29.4,73.5,44.1,79.4,11.8,67.6,85.3,23.5,32.4,52.9
21582,Tijjani Reijnders,Netherlands,DM,MF,Left Defensive Midfield,6,530.6,0.0,1.696,0.107,0.0,0.339,0.068,45.797,42.235,3.223,3.732,1.357,2.714,0.678,1.187,0.339,0.509,0.509,3.562,8.481,1.018,0.339,0.922,0.286,0.063,38.2,88.2,79.4,59.4,42.6,67.6,17.6,38.2,88.2,61.8,50.0,100.0,94.1,88.2,85.3,50.0,17.6,26.5,50.0,2.9,41.2,29.4
12169,João Maria Lobo Alves Palhinha Gonçalves,Portugal,DM,MF,Left Defensive Midfield,4,312.6,0.0,1.44,0.061,0.0,0.288,0.017,53.263,47.793,2.591,6.046,0.864,0.0,0.0,0.288,0.0,2.303,1.44,3.743,22.745,2.303,2.591,0.897,0.0,0.042,38.2,64.7,73.5,37.5,42.6,20.6,11.8,50.0,55.9,47.1,79.4,64.7,5.9,22.1,23.5,14.7,100.0,85.3,58.8,97.1,97.1,100.0
34639,Vitor Machado Ferreira,Portugal,DM,MF,Right Defensive Midfield,4,367.5,0.0,1.959,0.157,0.0,0.98,0.037,79.837,71.755,2.694,6.122,0.98,3.673,0.735,0.735,0.49,0.735,0.245,7.592,10.286,0.0,0.0,0.899,0.667,0.08,38.2,91.2,88.2,84.4,42.6,38.2,70.6,97.1,64.7,50.0,82.4,85.3,100.0,97.1,58.8,67.6,23.5,11.8,100.0,11.8,2.9,4.4
30913,Marius Mihai Marin,Romania,DM,MF,Center Defensive Midfield,4,317.3,0.0,0.0,0.0,0.0,0.284,0.029,28.932,23.542,1.986,2.553,0.284,0.284,0.0,0.284,0.284,1.418,0.567,2.269,19.004,1.986,0.567,0.814,1.0,,38.2,4.4,4.4,,42.6,32.4,8.8,14.7,23.5,20.6,26.5,29.4,14.7,22.1,20.6,41.2,79.4,35.3,11.8,82.4,91.2,41.2
10916,Nicolae Claudiu Stanciu,Romania,CM,MF,Left Center Midfield,4,372.2,0.242,1.209,0.033,0.0,1.209,0.074,27.808,20.553,1.934,1.451,0.967,0.484,0.0,0.725,0.484,0.0,0.967,1.934,16.201,0.967,0.0,0.739,0.667,0.027,88.2,35.3,70.6,9.4,42.6,76.5,79.4,8.8,2.9,17.6,11.8,82.4,26.5,22.1,52.9,64.7,2.9,61.8,8.8,58.8,38.2,4.4
16344,Răzvan Gabriel Marin,Romania,CM,MF,Right Center Midfield,4,377.9,0.238,1.191,0.025,0.0,0.476,0.014,26.197,21.196,0.953,2.382,0.0,0.476,0.0,0.953,0.476,0.476,0.0,2.858,10.241,1.429,0.476,0.809,0.5,0.021,82.4,23.5,67.6,3.1,42.6,17.6,26.5,2.9,20.6,5.9,23.5,11.8,23.5,22.1,73.5,58.8,14.7,4.4,23.5,8.8,61.8,38.2
10919,Juraj Kucka,Slovakia,CM,MF,Right Center Midfield,4,379.4,0.0,1.898,0.104,0.237,0.949,0.071,29.652,22.536,2.135,1.186,0.949,1.186,0.237,0.712,0.0,0.237,0.474,3.321,14.233,0.712,2.135,0.76,0.0,0.055,38.2,85.3,85.3,53.1,91.2,73.5,61.8,17.6,8.8,32.4,2.9,79.4,58.8,58.8,47.1,14.7,5.9,20.6,35.3,47.1,26.5,97.1
8967,Ondrej Duda,Slovakia,CM,MF,Left Center Midfield,4,336.6,0.267,0.535,0.036,0.0,0.802,0.051,46.791,36.631,1.604,3.209,0.0,0.535,0.0,0.802,0.802,0.802,1.604,2.674,18.717,1.337,1.07,0.783,1.0,0.067,94.1,38.2,23.5,65.6,42.6,55.9,52.9,41.2,11.8,14.7,38.2,11.8,32.4,22.1,61.8,85.3,32.4,88.2,20.6,76.5,55.9,64.7
6798,Stanislav Lobotka,Slovakia,DM,MF,Center Defensive Midfield,4,427.9,0.0,0.21,0.005,0.0,0.841,0.018,51.11,48.376,2.945,4.838,0.21,1.472,0.0,0.421,0.421,1.052,0.631,4.207,10.516,1.683,0.631,0.947,1.0,0.022,38.2,8.8,11.8,6.2,42.6,23.5,55.9,47.1,100.0,52.9,64.7,23.5,73.5,22.1,35.3,55.9,47.1,44.1,76.5,14.7,79.4,44.1
31968,Adam Gnezda Čerin,Slovenia,DM,MF,Right Defensive Midfield,4,415.4,0.0,0.867,0.062,0.0,0.433,0.012,35.749,28.166,0.65,1.3,0.0,0.217,0.0,0.433,0.217,0.867,1.3,3.25,26.649,1.733,1.083,0.788,0.5,0.071,38.2,70.6,55.9,71.9,42.6,11.8,20.6,23.5,14.7,2.9,8.8,11.8,11.8,22.1,38.2,29.4,35.3,79.4,32.4,100.0,82.4,67.6
15896,Timi Elšnik,Slovenia,DM,MF,Left Defensive Midfield,4,374.1,0.0,0.722,0.052,0.241,0.722,0.092,28.148,21.171,3.368,3.368,0.722,1.684,0.722,1.684,0.962,1.443,1.684,4.812,18.043,0.962,0.962,0.752,0.571,0.072,38.2,52.9,47.1,75.0,94.1,82.4,47.1,11.8,5.9,64.7,41.2,55.9,79.4,94.1,94.1,91.2,88.2,94.1,88.2,70.6,35.3,61.8
6655,Fabián Ruiz Peña,Spain,DM,MF,Left Defensive Midfield,6,579.2,0.311,2.642,0.178,0.311,1.709,0.181,67.904,60.29,4.195,6.992,0.932,1.709,0.466,1.709,1.088,0.777,0.466,5.749,13.052,0.622,0.311,0.888,0.636,0.067,100.0,94.1,100.0,62.5,97.1,100.0,91.2,82.4,44.1,82.4,91.2,73.5,82.4,79.4,97.1,94.1,29.4,17.6,97.1,41.2,14.7,17.6
6765,Rodrigo Hernández Cascante,Spain,DM,MF,Right Defensive Midfield,6,560.3,0.161,0.803,0.031,0.0,0.964,0.043,70.034,66.018,3.052,6.425,0.321,1.124,0.161,0.482,0.0,1.285,0.482,4.176,14.135,1.767,1.285,0.943,0.0,0.038,76.5,32.4,50.0,31.2,42.6,47.1,67.6,88.2,97.1,58.8,88.2,32.4,52.9,44.1,41.2,14.7,67.6,23.5,70.6,44.1,88.2,79.4
3500,Granit Xhaka,Switzerland,DM,MF,Left Defensive Midfield,5,511.4,0.0,0.704,0.027,0.0,1.408,0.078,71.451,65.291,4.928,8.095,0.704,0.88,0.176,0.352,0.352,0.88,0.528,3.52,12.143,1.76,1.936,0.914,1.0,0.038,38.2,26.5,44.1,28.1,42.6,79.4,82.4,94.1,85.3,97.1,94.1,52.9,38.2,47.1,32.4,52.9,38.2,32.4,47.1,38.2,85.3,91.2
6983,Remo Freuler,Switzerland,DM,MF,Right Defensive Midfield,5,475.8,0.189,0.567,0.04,0.378,0.567,0.051,44.262,39.155,2.081,3.026,0.378,0.946,0.0,0.189,0.0,0.757,0.946,2.27,20.429,1.513,1.135,0.885,0.0,0.07,79.4,47.1,26.5,68.8,100.0,52.9,35.3,35.3,38.2,26.5,35.3,38.2,47.1,22.1,14.7,14.7,26.5,55.9,14.7,88.2,73.5,70.6
7039,Hakan Çalhanoğlu,Turkey,DM,MF,Left Defensive Midfield,4,375.8,0.239,2.395,0.065,0.0,0.958,0.053,61.788,54.843,2.155,4.311,0.239,1.437,0.239,0.718,0.239,1.437,0.718,3.353,11.735,1.437,0.958,0.888,0.333,0.027,85.3,73.5,94.1,12.5,42.6,58.8,64.7,73.5,41.2,35.3,58.8,26.5,70.6,61.8,50.0,35.3,85.3,47.1,38.2,35.3,67.6,58.8
